protein	protein_short	target_model_peptides	target_peptide_unique_mapping	n_total_mapped_peptides	n_unique_testable_peptides	n_unique_significant_peptides_raw_p	n_unique_significant_severe_up	n_unique_significant_nonsevere_up	majority_direction	majority_fraction	effect_level_call	mapping_caution
sp|P01876|IGHA1_HUMAN	IGHA1_HUMAN	S.[304.207]IL(R,-91.094)VAAEDW(K,304.207).K	False	1463	0	0	0	0	insufficient_unique_testable_peptides		inconclusive	target peptide maps to multiple proteins; protein-level assignment is ambiguous
sp|P01877|IGHA2_HUMAN	IGHA2_HUMAN	S.[304.207]IL(R,-91.094)VAAEDW(K,304.207).K	False	654	1	0	0	0	no_consistent_differential_abundance	0.0	no protein-level evidence	target peptide maps to multiple proteins; protein-level assignment is ambiguous
sp|P02787|TRFE_HUMAN	TRFE_HUMAN	R.{290.173}[304.207]EGT(C,57.021)PEAPTDE(C,57.021)(K,304.207)PV(K,304.207).W	True	4288	878	11	2	9	mixed_or_minority_signal	0.010250569476082005	peptide-level effect	target peptide maps uniquely to this protein
sp|P08603-2|CFAH_HUMAN	CFAH_HUMAN	R.[304.207]GDAV(C,57.021)TESG(W,31.997)RPLPS(C,57.021)EE(K,304.207).S	False	538	0	0	0	0	insufficient_unique_testable_peptides		inconclusive	target peptide maps to multiple proteins; protein-level assignment is ambiguous
sp|P08603|CFAH_HUMAN	CFAH_HUMAN	R.[304.207]GDAV(C,57.021)TESG(W,31.997)RPLPS(C,57.021)EE(K,304.207).S	False	1335	242	0	0	0	no_consistent_differential_abundance	0.0	no protein-level evidence	target peptide maps to multiple proteins; protein-level assignment is ambiguous
tr|A0A0D9SG88|A0A0D9SG88_HUMAN	A0A0D9SG88_HUMAN	R.[304.207]GDAV(C,57.021)TESG(W,31.997)RPLPS(C,57.021)EE(K,304.207).S	False	523	0	0	0	0	insufficient_unique_testable_peptides		inconclusive	target peptide maps to multiple proteins; protein-level assignment is ambiguous
tr|A0A0G2JMB2|A0A0G2JMB2_HUMAN	A0A0G2JMB2_HUMAN	S.[304.207]IL(R,-91.094)VAAEDW(K,304.207).K	False	829	4	0	0	0	no_consistent_differential_abundance	0.0	no protein-level evidence	target peptide maps to multiple proteins; protein-level assignment is ambiguous
tr|A0A286YEY1|A0A286YEY1_HUMAN	A0A286YEY1_HUMAN	S.[304.207]IL(R,-91.094)VAAEDW(K,304.207).K	False	1456	0	0	0	0	insufficient_unique_testable_peptides		inconclusive	target peptide maps to multiple proteins; protein-level assignment is ambiguous
tr|A0A286YEY5|A0A286YEY5_HUMAN	A0A286YEY5_HUMAN	S.[304.207]IL(R,-91.094)VAAEDW(K,304.207).K	False	652	0	0	0	0	insufficient_unique_testable_peptides		inconclusive	target peptide maps to multiple proteins; protein-level assignment is ambiguous
tr|Q5TFM2|Q5TFM2_HUMAN	Q5TFM2_HUMAN	R.[304.207]GDAV(C,57.021)TESG(W,31.997)RPLPS(C,57.021)EE(K,304.207).S	False	385	0	0	0	0	insufficient_unique_testable_peptides		inconclusive	target peptide maps to multiple proteins; protein-level assignment is ambiguous
