model_rank	target_peptide	target_peptide_direction	target_peptide_log2FC	target_peptide_mw_pvalue	target_peptide_missingness_flag	protein	protein_short	target_peptide_unique_mapping	n_unique_testable_peptides	n_unique_significant_peptides_raw_p	majority_direction	majority_fraction	effect_level_call	mapping_caution
1	S.[304.207]IL(R,-91.094)VAAEDW(K,304.207).K	Higher median intensity in non-severe	-0.5765591155725253	0.0006957390617381	moderate missingness	sp|P01876|IGHA1_HUMAN	IGHA1_HUMAN	False	0	0	insufficient_unique_testable_peptides		inconclusive	target peptide maps to multiple proteins; protein-level assignment is ambiguous
1	S.[304.207]IL(R,-91.094)VAAEDW(K,304.207).K	Higher median intensity in non-severe	-0.5765591155725253	0.0006957390617381	moderate missingness	sp|P01877|IGHA2_HUMAN	IGHA2_HUMAN	False	1	0	no_consistent_differential_abundance	0.0	no protein-level evidence	target peptide maps to multiple proteins; protein-level assignment is ambiguous
1	S.[304.207]IL(R,-91.094)VAAEDW(K,304.207).K	Higher median intensity in non-severe	-0.5765591155725253	0.0006957390617381	moderate missingness	tr|A0A0G2JMB2|A0A0G2JMB2_HUMAN	A0A0G2JMB2_HUMAN	False	4	0	no_consistent_differential_abundance	0.0	no protein-level evidence	target peptide maps to multiple proteins; protein-level assignment is ambiguous
1	S.[304.207]IL(R,-91.094)VAAEDW(K,304.207).K	Higher median intensity in non-severe	-0.5765591155725253	0.0006957390617381	moderate missingness	tr|A0A286YEY1|A0A286YEY1_HUMAN	A0A286YEY1_HUMAN	False	0	0	insufficient_unique_testable_peptides		inconclusive	target peptide maps to multiple proteins; protein-level assignment is ambiguous
1	S.[304.207]IL(R,-91.094)VAAEDW(K,304.207).K	Higher median intensity in non-severe	-0.5765591155725253	0.0006957390617381	moderate missingness	tr|A0A286YEY5|A0A286YEY5_HUMAN	A0A286YEY5_HUMAN	False	0	0	insufficient_unique_testable_peptides		inconclusive	target peptide maps to multiple proteins; protein-level assignment is ambiguous
2	R.{290.173}[304.207]EGT(C,57.021)PEAPTDE(C,57.021)(K,304.207)PV(K,304.207).W	Higher median intensity in non-severe	-0.6926281533568666	4.150346804191123e-05	low missingness	sp|P02787|TRFE_HUMAN	TRFE_HUMAN	True	878	11	mixed_or_minority_signal	0.010250569476082005	peptide-level effect	target peptide maps uniquely to this protein
6	R.[304.207]GDAV(C,57.021)TESG(W,31.997)RPLPS(C,57.021)EE(K,304.207).S	Higher median intensity in severe	0.6400256607623805	0.0011065860751634	low missingness	sp|P08603-2|CFAH_HUMAN	CFAH_HUMAN	False	0	0	insufficient_unique_testable_peptides		inconclusive	target peptide maps to multiple proteins; protein-level assignment is ambiguous
6	R.[304.207]GDAV(C,57.021)TESG(W,31.997)RPLPS(C,57.021)EE(K,304.207).S	Higher median intensity in severe	0.6400256607623805	0.0011065860751634	low missingness	sp|P08603|CFAH_HUMAN	CFAH_HUMAN	False	242	0	no_consistent_differential_abundance	0.0	no protein-level evidence	target peptide maps to multiple proteins; protein-level assignment is ambiguous
6	R.[304.207]GDAV(C,57.021)TESG(W,31.997)RPLPS(C,57.021)EE(K,304.207).S	Higher median intensity in severe	0.6400256607623805	0.0011065860751634	low missingness	tr|A0A0D9SG88|A0A0D9SG88_HUMAN	A0A0D9SG88_HUMAN	False	0	0	insufficient_unique_testable_peptides		inconclusive	target peptide maps to multiple proteins; protein-level assignment is ambiguous
6	R.[304.207]GDAV(C,57.021)TESG(W,31.997)RPLPS(C,57.021)EE(K,304.207).S	Higher median intensity in severe	0.6400256607623805	0.0011065860751634	low missingness	tr|Q5TFM2|Q5TFM2_HUMAN	Q5TFM2_HUMAN	False	0	0	insufficient_unique_testable_peptides		inconclusive	target peptide maps to multiple proteins; protein-level assignment is ambiguous
