model_rank	target_peptide	target_peptide_direction	protein	protein_short	target_peptide_n_mapped_proteins	target_peptide_unique_mapping
1	S.[304.207]IL(R,-91.094)VAAEDW(K,304.207).K	Higher median intensity in non-severe	sp|P01876|IGHA1_HUMAN	IGHA1_HUMAN	5	False
1	S.[304.207]IL(R,-91.094)VAAEDW(K,304.207).K	Higher median intensity in non-severe	sp|P01877|IGHA2_HUMAN	IGHA2_HUMAN	5	False
1	S.[304.207]IL(R,-91.094)VAAEDW(K,304.207).K	Higher median intensity in non-severe	tr|A0A0G2JMB2|A0A0G2JMB2_HUMAN	A0A0G2JMB2_HUMAN	5	False
1	S.[304.207]IL(R,-91.094)VAAEDW(K,304.207).K	Higher median intensity in non-severe	tr|A0A286YEY1|A0A286YEY1_HUMAN	A0A286YEY1_HUMAN	5	False
1	S.[304.207]IL(R,-91.094)VAAEDW(K,304.207).K	Higher median intensity in non-severe	tr|A0A286YEY5|A0A286YEY5_HUMAN	A0A286YEY5_HUMAN	5	False
2	R.{290.173}[304.207]EGT(C,57.021)PEAPTDE(C,57.021)(K,304.207)PV(K,304.207).W	Higher median intensity in non-severe	sp|P02787|TRFE_HUMAN	TRFE_HUMAN	1	True
6	R.[304.207]GDAV(C,57.021)TESG(W,31.997)RPLPS(C,57.021)EE(K,304.207).S	Higher median intensity in severe	sp|P08603-2|CFAH_HUMAN	CFAH_HUMAN	4	False
6	R.[304.207]GDAV(C,57.021)TESG(W,31.997)RPLPS(C,57.021)EE(K,304.207).S	Higher median intensity in severe	sp|P08603|CFAH_HUMAN	CFAH_HUMAN	4	False
6	R.[304.207]GDAV(C,57.021)TESG(W,31.997)RPLPS(C,57.021)EE(K,304.207).S	Higher median intensity in severe	tr|A0A0D9SG88|A0A0D9SG88_HUMAN	A0A0D9SG88_HUMAN	4	False
6	R.[304.207]GDAV(C,57.021)TESG(W,31.997)RPLPS(C,57.021)EE(K,304.207).S	Higher median intensity in severe	tr|Q5TFM2|Q5TFM2_HUMAN	Q5TFM2_HUMAN	4	False
