model_rank	Peptide	coefficient	model_direction	n_severe	n_nonsevere	missing_pct_severe	missing_pct_nonsevere	missingness_flag	median_severe	median_nonsevere	log2FC_median_severe_vs_nonsevere	mannwhitney_pvalue	mannwhitney_fdr	welch_t_pvalue	welch_t_fdr	da_direction	significance_flag
1	S.[304.207]IL(R,-91.094)VAAEDW(K,304.207).K	-0.2918710205061134	Higher in non-severe by model	12	15	33.333333333333336	40.0	moderate missingness	0.5355992065824999	1.29002101149	-0.5765591155725253	0.0006957390617381192	1.0	0.0004349298300387734	0.9999690233429853	Higher median intensity in non-severe	raw p < 0.05 only
2	R.{290.173}[304.207]EGT(C,57.021)PEAPTDE(C,57.021)(K,304.207)PV(K,304.207).W	-0.24064205146383832	Higher in non-severe by model	18	25	0.0	0.0	low missingness	0.7120574276795	1.76707020586	-0.6926281533568666	4.150346804191123e-05	0.8327638318662736	1.1137486348183025e-05	0.7134647791846916	Higher median intensity in non-severe	raw p < 0.05 only
3	R.[304.207]FFGHGAED(S,304.212)LADQAANEWGR.S	0.17661364067200716	Higher in severe by model	18	24	0.0	4.0000000000000036	low missingness	0.5330955128995	0.06570637971415	0.5246375749330636	0.00029251384659819703	1.0	0.003671482820090103	0.9999690233429853	Higher median intensity in severe	raw p < 0.05 only
4	D.[304.207]EENLTQENQDR.G	0.16389076429352886	Higher in severe by model	16	22	11.111111111111116	12.0	low missingness	0.6117892224995	0.30209310337149997	0.30783048254479334	0.002441685677124026	1.0	0.003353243910203538	0.9999690233429853	Higher median intensity in severe	raw p < 0.05 only
5	R.[216.121]ETYGEMAD(C,57.021)(C,57.021)A(K,304.207).Q	-0.1423354755662016	Higher in non-severe by model	18	25	0.0	0.0	low missingness	0.348307527653	0.561529831713	-0.21181054109030836	0.01083443769439077	1.0	0.0068512420160444475	0.9999690233429853	Higher median intensity in non-severe	raw p < 0.05 only
6	R.[304.207]GDAV(C,57.021)TESG(W,31.997)RPLPS(C,57.021)EE(K,304.207).S	0.040223664140356344	Higher in severe by model	18	25	0.0	0.0	low missingness	0.821407496666	0.168799986356	0.6400256607623805	0.0011065860751634233	1.0	0.003137065628220174	0.9999690233429853	Higher median intensity in severe	raw p < 0.05 only
7	K.[304.207]ADD(K,304.207)ET(C,57.021)FA(E,11.011)EG(K,304.207)(K,304.207).L	0.0	Higher in non-severe by model	13	19	27.77777777777778	24.0	moderate missingness	0.338311031331	0.115480259666	0.2627484628861823	0.01563727820214541	1.0	0.04010660445377547	0.9999690233429853	Higher median intensity in severe	raw p < 0.05 only
8	D.[304.207]EMPSPTFLTQV(K,304.207).E	0.0	Higher in non-severe by model	7	10	61.111111111111114	60.0	high missingness; interpret cautiously	0.560878307695	0.9586258793115	-0.3274837886848286	0.043089263677498976	1.0	0.041751274073536605	0.9999690233429853	Higher median intensity in non-severe	raw p < 0.05 only
9	K.[304.207]ALFVSEE(E,37.951)(K,304.207)(K,304.207).L	0.0	Higher in non-severe by model	18	25	0.0	0.0	low missingness	0.6512693320855001	0.559562877915	0.08243373182918064	0.04481451549449123	1.0	0.05994520751169582	0.9999690233429853	Higher median intensity in severe	raw p < 0.05 only
10	F.[304.207]FTVLQDVPVR.D	0.0	Higher in non-severe by model	8	7	55.55555555555556	72.0	high missingness; interpret cautiously	1.876873615165	1.40585587652	0.2579516229359286	0.46340326340326343	1.0	0.21658244554749376	0.9999690233429853	Higher median intensity in severe	not significant
11	R.[304.207]FFGHGAED(S,207.144)LADQAANEWGR.S	0.0	Higher in non-severe by model	13	19	27.77777777777778	24.0	moderate missingness	0.552669633714	0.102694251629	0.4937180710734275	0.0008434151726241525	1.0	0.013177402019151125	0.9999690233429853	Higher median intensity in severe	raw p < 0.05 only
12	T.[304.207](K,294.137)GPSVFPLAP(C,57.021)SR.S	0.0	Higher in non-severe by model	7	6	61.111111111111114	76.0	high missingness; interpret cautiously	0.337515307538	0.5663404983589999	-0.22784246355540846	0.07342657342657342	1.0	0.11271201293756164	0.9999690233429853	Higher median intensity in non-severe	not significant
13	R.[304.207]SDV(M,279.162)YTDW(K,304.207).K	0.0	Higher in non-severe by model	18	25	0.0	0.0	low missingness	0.6613284037539999	0.393644312603	0.25347488479914754	0.059659748900434864	1.0	0.06973554549661536	0.9999690233429853	Higher median intensity in severe	not significant
14	R.[304.207]RFEQLELR.P	0.0	Higher in non-severe by model	18	25	0.0	0.0	low missingness	0.501354362326	0.383257808502	0.11819446637932733	0.3432289991432972	1.0	0.6475546784114771	0.9999690233429853	Higher median intensity in severe	not significant
15	K.[304.207](A,291.169)EFAEVS(K,304.207).L	0.0	Higher in non-severe by model	18	25	0.0	0.0	low missingness	0.07222855600645	0.138682350603	-0.08675288256967997	0.003531118469711645	1.0	0.1395348948907201	0.9999690233429853	Higher median intensity in non-severe	raw p < 0.05 only
16	R.[304.207]FFGHGAEDSLADQAANEWG.R	0.0	Higher in non-severe by model	18	25	0.0	0.0	low missingness	0.25028570557200003	0.0719152562298	0.2220669526942233	0.02935252039575746	1.0	0.14208301879417765	0.9999690233429853	Higher median intensity in severe	raw p < 0.05 only
17	R.{37.944}[304.207]YVGGQEHFAHLLILR.D	0.0	Higher in non-severe by model	18	25	0.0	0.0	low missingness	0.7845691893569999	0.648610803322	0.11432498309239951	0.09656589443461913	1.0	0.07404419721240624	0.9999690233429853	Higher median intensity in severe	not significant
18	R.[304.207]YVGGQE(H,52.917)FAHLLILR.D	0.0	Higher in non-severe by model	18	25	0.0	0.0	low missingness	0.755146435573	0.573566032285	0.1575536822535827	0.04225402065442231	1.0	0.07690846872328799	0.9999690233429853	Higher median intensity in severe	raw p < 0.05 only
19	K.[304.207]LVNEVTEFA(K,334.302)T(C,57.021).V	0.0	Higher in non-severe by model	18	25	0.0	0.0	low missingness	0.436802146416	1.22877615516	-0.6333903178687176	0.002779533011576593	1.0	0.001530024344276728	0.9999690233429853	Higher median intensity in non-severe	raw p < 0.05 only
20	R.[304.207](L,172.089)TGRGAEDSLADQAAN(K,304.207).W	0.0	Higher in non-severe by model	7	10	61.111111111111114	60.0	high missingness; interpret cautiously	2.0051577611	0.2945023906875	1.2150431001556343	0.0007198683669271905	1.0	0.009182584539711951	0.9999690233429853	Higher median intensity in severe	raw p < 0.05 only
