top_peptide_rank	Peptide	main_protein	unique_mapping	num_mapped_proteins	num_total_peptides_identified_for_protein	other_peptides_same_protein_identified	num_top_peptides_mapping_to_protein	protein_identification_evidence	Proteins
1	R.[304.207]LTG(R,-19.035)GAEDSLADQAAN(K,304.207).W	sp|P0DJI9|SAA2_HUMAN	True	1	100	99	9	Strong: unique mapping + multiple other peptides	sp|P0DJI9|SAA2_HUMAN
2	R.{290.173}[304.207]EGT(C,57.021)PEAPTDE(C,57.021)(K,304.207)PV(K,304.207).W	sp|P02787|TRFE_HUMAN	True	1	4288	4287	1	Strong: unique mapping + multiple other peptides	sp|P02787|TRFE_HUMAN
3	R.[304.207]SG(K,304.207)DPNHFRPAGLPE(K,304.207).Y	sp|P0DJI8|SAA1_HUMAN	False	2	236	235	15	Weak/ambiguous: peptide maps to multiple proteins	sp|P0DJI8|SAA1_HUMAN; tr|E9PQD6|E9PQD6_HUMAN
4	R.[304.207]EANYIG(S,304.212)D(K,304.207)YFHAR.G	sp|P0DJI8|SAA1_HUMAN	False	8	236	235	15	Weak/ambiguous: peptide maps to multiple proteins	sp|P0DJI8|SAA1_HUMAN; sp|P0DJI9-2|SAA2_HUMAN; sp|P0DJI9|SAA2_HUMAN; tr|A0A096LPE2|A0A096LPE2_HUMAN; tr|A0A3B3ISW8|A0A3B3ISW8_HUMAN; tr|E9PQD6|E9PQD6_HUMAN; tr|E9PR14|E9PR14_HUMAN; tr|G3V1D9|G3V1D9_HUMAN
5	R.{290.175}[304.207]NE(C,57.021)FLQH(K,304.207)DDNPNLPR.L	sp|P02768-3|ALBU_HUMAN	False	5	15121	15120	13	Weak/ambiguous: peptide maps to multiple proteins	sp|P02768-3|ALBU_HUMAN; sp|P02768|ALBU_HUMAN; tr|A0A087WWT3|A0A087WWT3_HUMAN; tr|A0A0C4DGB6|A0A0C4DGB6_HUMAN; tr|H7C013|H7C013_HUMAN
6	R.[304.207](F,-13.032)(K,304.207)DLGEENF(K,304.207).A	sp|P02768-2|ALBU_HUMAN	False	8	14443	14442	9	Weak/ambiguous: peptide maps to multiple proteins	sp|P02768-2|ALBU_HUMAN; sp|P02768-3|ALBU_HUMAN; sp|P02768|ALBU_HUMAN; tr|A0A087WWT3|A0A087WWT3_HUMAN; tr|A0A0C4DGB6|A0A0C4DGB6_HUMAN; tr|B7WNR0|B7WNR0_HUMAN; tr|C9JKR2|C9JKR2_HUMAN; tr|H7C013|H7C013_HUMAN
7	R.[304.207](L,285.173)TGRGAEDSLADQAAN(K,304.207).W	sp|P0DJI9|SAA2_HUMAN	True	1	100	99	9	Strong: unique mapping + multiple other peptides	sp|P0DJI9|SAA2_HUMAN
8	K.[304.207](C,348.19)(C,57.021)AAADPHE(C,57.021)YA(K,304.207).V	sp|P02768-2|ALBU_HUMAN	False	9	14443	14442	9	Weak/ambiguous: peptide maps to multiple proteins	sp|P02768-2|ALBU_HUMAN; sp|P02768-3|ALBU_HUMAN; sp|P02768|ALBU_HUMAN; tr|A0A087WWT3|A0A087WWT3_HUMAN; tr|A0A0C4DGB6|A0A0C4DGB6_HUMAN; tr|B7WNR0|B7WNR0_HUMAN; tr|C9JKR2|C9JKR2_HUMAN; tr|D6RHD5|D6RHD5_HUMAN; tr|H0YA55|H0YA55_HUMAN
9	K.[304.207](V,290.171)DNALQSGNSQESVTEQDS(K,304.207).D	sp|P01834|IGKC_HUMAN	False	2	2146	2145	1	Weak/ambiguous: peptide maps to multiple proteins	sp|P01834|IGKC_HUMAN; tr|A0A5H1ZRQ3|A0A5H1ZRQ3_HUMAN
10	Q.[200.048]TALVELV(K,304.207).H	sp|P02768-2|ALBU_HUMAN	False	9	14443	14442	9	Weak/ambiguous: peptide maps to multiple proteins	sp|P02768-2|ALBU_HUMAN; sp|P02768-3|ALBU_HUMAN; sp|P02768|ALBU_HUMAN; tr|A0A087WWT3|A0A087WWT3_HUMAN; tr|A0A0C4DGB6|A0A0C4DGB6_HUMAN; tr|B7WNR0|B7WNR0_HUMAN; tr|C9JKR2|C9JKR2_HUMAN; tr|D6RHD5|D6RHD5_HUMAN; tr|H0YA55|H0YA55_HUMAN
11	K.[304.207]RGPGGVWAAEAISDAR.E	sp|P0DJI8|SAA1_HUMAN	True	1	236	235	15	Strong: unique mapping + multiple other peptides	sp|P0DJI8|SAA1_HUMAN
12	L.[224.122]EETLTHTIT(K,304.207).L	sp|P01042-2|KNG1_HUMAN	False	3	689	688	1	Weak/ambiguous: peptide maps to multiple proteins	sp|P01042-2|KNG1_HUMAN; sp|P01042-3|KNG1_HUMAN; sp|P01042|KNG1_HUMAN
13	K.[304.207](Q,291.175)N(C,57.021)ELFEQLGEY(K,304.207).F	sp|P02768-2|ALBU_HUMAN	False	9	14443	14442	9	Weak/ambiguous: peptide maps to multiple proteins	sp|P02768-2|ALBU_HUMAN; sp|P02768-3|ALBU_HUMAN; sp|P02768|ALBU_HUMAN; tr|A0A087WWT3|A0A087WWT3_HUMAN; tr|A0A0C4DGB6|A0A0C4DGB6_HUMAN; tr|B7WNR0|B7WNR0_HUMAN; tr|C9JKR2|C9JKR2_HUMAN; tr|D6RHD5|D6RHD5_HUMAN; tr|H0YA55|H0YA55_HUMAN
14	R.[304.207]SYS(C,57.021)QVTH(E,11.673)GSTVE(K,304.207).T	sp|B9A064|IGLL5_HUMAN	False	7	873	872	1	Weak/ambiguous: peptide maps to multiple proteins	sp|B9A064|IGLL5_HUMAN; sp|P0CF74|IGLC6_HUMAN; sp|P0CG04|IGLC1_HUMAN; sp|P0DOY2|IGLC2_HUMAN; sp|P0DOY3|IGLC3_HUMAN; tr|A0A0B4J231|A0A0B4J231_HUMAN; tr|A0A5H1ZRQ4|A0A5H1ZRQ4_HUMAN
15	C.[304.207](C,6.852)AAADPHE(C,57.021)YA(K,304.207).V	sp|P02768-2|ALBU_HUMAN	False	9	14443	14442	9	Weak/ambiguous: peptide maps to multiple proteins	sp|P02768-2|ALBU_HUMAN; sp|P02768-3|ALBU_HUMAN; sp|P02768|ALBU_HUMAN; tr|A0A087WWT3|A0A087WWT3_HUMAN; tr|A0A0C4DGB6|A0A0C4DGB6_HUMAN; tr|B7WNR0|B7WNR0_HUMAN; tr|C9JKR2|C9JKR2_HUMAN; tr|D6RHD5|D6RHD5_HUMAN; tr|H0YA55|H0YA55_HUMAN
16	K.[304.207](V,291.174)HTE(C,57.021)(C,57.021)HGDLLE(C,57.021)ADDR.A	sp|P02768-2|ALBU_HUMAN	False	7	14443	14442	9	Weak/ambiguous: peptide maps to multiple proteins	sp|P02768-2|ALBU_HUMAN; sp|P02768|ALBU_HUMAN; tr|A0A0C4DGB6|A0A0C4DGB6_HUMAN; tr|B7WNR0|B7WNR0_HUMAN; tr|C9JKR2|C9JKR2_HUMAN; tr|D6RHD5|D6RHD5_HUMAN; tr|H0YA55|H0YA55_HUMAN
17	K.[304.207](Y,116.074)LYETTLE(K,304.207).C	sp|P02768-3|ALBU_HUMAN	True	1	15121	15120	13	Strong: unique mapping + multiple other peptides	sp|P02768-3|ALBU_HUMAN
18	K.[304.207](T,-13.036)(C,57.021)VADESAEN(C,57.021)D(K,304.207).S	sp|P02768-3|ALBU_HUMAN	False	5	15121	15120	13	Weak/ambiguous: peptide maps to multiple proteins	sp|P02768-3|ALBU_HUMAN; sp|P02768|ALBU_HUMAN; tr|A0A087WWT3|A0A087WWT3_HUMAN; tr|A0A0C4DGB6|A0A0C4DGB6_HUMAN; tr|H7C013|H7C013_HUMAN
19	M.[304.207](C,-2.712)TAFHDNEETFL(K,304.207).K	sp|P02768-3|ALBU_HUMAN	False	5	15121	15120	13	Weak/ambiguous: peptide maps to multiple proteins	sp|P02768-3|ALBU_HUMAN; sp|P02768|ALBU_HUMAN; tr|A0A087WWT3|A0A087WWT3_HUMAN; tr|A0A0C4DGB6|A0A0C4DGB6_HUMAN; tr|H7C013|H7C013_HUMAN
20	R.[304.207]FFGHGAEDSLADQA(A,318.196)NEWGR.S	sp|P0DJI8|SAA1_HUMAN	False	2	236	235	15	Weak/ambiguous: peptide maps to multiple proteins	sp|P0DJI8|SAA1_HUMAN; tr|E9PQD6|E9PQD6_HUMAN
21	K.[304.207]I(R,-47.107)ILQEENF(K,304.207).N	tr|A0A1B0GU45|A0A1B0GU45_HUMAN	True	1	3	2	1	Strong: unique mapping + multiple other peptides	tr|A0A1B0GU45|A0A1B0GU45_HUMAN
22	R.[304.207]FFGHGAED(S,304.212)LADQAANEWGR.S	sp|P0DJI8|SAA1_HUMAN	False	2	236	235	15	Weak/ambiguous: peptide maps to multiple proteins	sp|P0DJI8|SAA1_HUMAN; tr|E9PQD6|E9PQD6_HUMAN
23	K.[304.207](P,238.418)(K,304.207)DTLMISR.T	sp|P01857|IGHG1_HUMAN	False	10	3370	3369	1	Weak/ambiguous: peptide maps to multiple proteins	sp|P01857|IGHG1_HUMAN; sp|P01859|IGHG2_HUMAN; sp|P01860|IGHG3_HUMAN; sp|P01861|IGHG4_HUMAN; tr|A0A0A0MS07|A0A0A0MS07_HUMAN; tr|A0A0A0MS08|A0A0A0MS08_HUMAN; tr|A0A286YES1|A0A286YES1_HUMAN; tr|A0A286YEY4|A0A286YEY4_HUMAN; tr|A0A286YFJ8|A0A286YFJ8_HUMAN; tr|A0A4W9A917|A0A4W9A917_HUMAN
24	R.[304.207]FFGHGAED(S,335.208)LADQAANEWGR.S	sp|P0DJI8|SAA1_HUMAN	False	2	236	235	15	Weak/ambiguous: peptide maps to multiple proteins	sp|P0DJI8|SAA1_HUMAN; tr|E9PQD6|E9PQD6_HUMAN
25	N.[186.070]E(C,57.021)FLQH(K,304.207)DDNPNLPR.L	sp|P02768-3|ALBU_HUMAN	False	5	15121	15120	13	Weak/ambiguous: peptide maps to multiple proteins	sp|P02768-3|ALBU_HUMAN; sp|P02768|ALBU_HUMAN; tr|A0A087WWT3|A0A087WWT3_HUMAN; tr|A0A0C4DGB6|A0A0C4DGB6_HUMAN; tr|H7C013|H7C013_HUMAN
26	R.[304.207]SG(K,304.207)DPNHFRPA.G	sp|P0DJI8|SAA1_HUMAN	False	2	236	235	15	Weak/ambiguous: peptide maps to multiple proteins	sp|P0DJI8|SAA1_HUMAN; tr|E9PQD6|E9PQD6_HUMAN
27	R.[304.207]EANYIGSD(K,304.207)YFHAR.G	sp|P0DJI8|SAA1_HUMAN	False	8	236	235	15	Weak/ambiguous: peptide maps to multiple proteins	sp|P0DJI8|SAA1_HUMAN; sp|P0DJI9-2|SAA2_HUMAN; sp|P0DJI9|SAA2_HUMAN; tr|A0A096LPE2|A0A096LPE2_HUMAN; tr|A0A3B3ISW8|A0A3B3ISW8_HUMAN; tr|E9PQD6|E9PQD6_HUMAN; tr|E9PR14|E9PR14_HUMAN; tr|G3V1D9|G3V1D9_HUMAN
28	R.[304.207]VGYVSG(W,13.983)GR.N	sp|P00738-2|HPT_HUMAN	False	10	2545	2544	3	Weak/ambiguous: peptide maps to multiple proteins	sp|P00738-2|HPT_HUMAN; sp|P00738|HPT_HUMAN; sp|P00740-2|FA9_HUMAN; sp|P00740|FA9_HUMAN; tr|A0A087WU08|A0A087WU08_HUMAN; tr|A0A0C4DGL8|A0A0C4DGL8_HUMAN; tr|H0Y300|H0Y300_HUMAN; tr|H3BS21|H3BS21_HUMAN; tr|J3QLC9|J3QLC9_HUMAN; tr|J3QR68|J3QR68_HUMAN
29	R.{32.000}[304.207]EANYIGSD(K,304.207)YFHAR.G	sp|P0DJI8|SAA1_HUMAN	False	8	236	235	15	Weak/ambiguous: peptide maps to multiple proteins	sp|P0DJI8|SAA1_HUMAN; sp|P0DJI9-2|SAA2_HUMAN; sp|P0DJI9|SAA2_HUMAN; tr|A0A096LPE2|A0A096LPE2_HUMAN; tr|A0A3B3ISW8|A0A3B3ISW8_HUMAN; tr|E9PQD6|E9PQD6_HUMAN; tr|E9PR14|E9PR14_HUMAN; tr|G3V1D9|G3V1D9_HUMAN
30	K.{311.984}[304.207]YI(C,57.021)ENQDSI.S	sp|P02768-2|ALBU_HUMAN	False	7	14443	14442	9	Weak/ambiguous: peptide maps to multiple proteins	sp|P02768-2|ALBU_HUMAN; sp|P02768|ALBU_HUMAN; tr|A0A0C4DGB6|A0A0C4DGB6_HUMAN; tr|B7WNR0|B7WNR0_HUMAN; tr|C9JKR2|C9JKR2_HUMAN; tr|D6RHD5|D6RHD5_HUMAN; tr|H0YA55|H0YA55_HUMAN
31	R.{53.903}[304.207]TEGDGVYTLNNE(K,304.207).Q	sp|P00738-2|HPT_HUMAN	False	8	2545	2544	3	Weak/ambiguous: peptide maps to multiple proteins	sp|P00738-2|HPT_HUMAN; sp|P00738|HPT_HUMAN; tr|H3BMJ7|H3BMJ7_HUMAN; tr|H3BS21|H3BS21_HUMAN; tr|J3KRH2|J3KRH2_HUMAN; tr|J3KSV1|J3KSV1_HUMAN; tr|J3QLC9|J3QLC9_HUMAN; tr|J3QQI8|J3QQI8_HUMAN
32	L.[238.201]NSRVATVSLPR.S	TRYP_PIG	True	1	654	653	1	Strong: unique mapping + multiple other peptides	TRYP_PIG
33	K.[304.207](T,291.174)(C,57.021)VADESAEN(C,57.021)D(K,304.207).S	sp|P02768-3|ALBU_HUMAN	False	5	15121	15120	13	Weak/ambiguous: peptide maps to multiple proteins	sp|P02768-3|ALBU_HUMAN; sp|P02768|ALBU_HUMAN; tr|A0A087WWT3|A0A087WWT3_HUMAN; tr|A0A0C4DGB6|A0A0C4DGB6_HUMAN; tr|H7C013|H7C013_HUMAN
34	K.[304.207]A(A,159.958)(C,57.021)LLP(K,304.207)LDELRDEG(K,304.207).A	sp|P02768|ALBU_HUMAN	False	5	22163	22162	17	Weak/ambiguous: peptide maps to multiple proteins	sp|P02768|ALBU_HUMAN; tr|A0A0C4DGB6|A0A0C4DGB6_HUMAN; tr|B7WNR0|B7WNR0_HUMAN; tr|D6RHD5|D6RHD5_HUMAN; tr|H0YA55|H0YA55_HUMAN
35	S.[304.207]IL(R,-91.094)VAAEDW(K,304.207).K	sp|P01876|IGHA1_HUMAN	False	5	1463	1462	1	Weak/ambiguous: peptide maps to multiple proteins	sp|P01876|IGHA1_HUMAN; sp|P01877|IGHA2_HUMAN; tr|A0A0G2JMB2|A0A0G2JMB2_HUMAN; tr|A0A286YEY1|A0A286YEY1_HUMAN; tr|A0A286YEY5|A0A286YEY5_HUMAN
36	R.{13.952}[304.207]EANYIGSD(K,304.207)YFHAR.G	sp|P0DJI8|SAA1_HUMAN	False	8	236	235	15	Weak/ambiguous: peptide maps to multiple proteins	sp|P0DJI8|SAA1_HUMAN; sp|P0DJI9-2|SAA2_HUMAN; sp|P0DJI9|SAA2_HUMAN; tr|A0A096LPE2|A0A096LPE2_HUMAN; tr|A0A3B3ISW8|A0A3B3ISW8_HUMAN; tr|E9PQD6|E9PQD6_HUMAN; tr|E9PR14|E9PR14_HUMAN; tr|G3V1D9|G3V1D9_HUMAN
37	R.[304.207]GPGGAWAAEVISNAR.E	sp|P0DJI9|SAA2_HUMAN	True	1	100	99	9	Strong: unique mapping + multiple other peptides	sp|P0DJI9|SAA2_HUMAN
38	Q.[304.207]APH(C,57.021)I(C,57.021)ANGR.Q	sp|P01023|A2MG_HUMAN	True	1	2882	2881	1	Strong: unique mapping + multiple other peptides	sp|P01023|A2MG_HUMAN
39	R.[304.207](L,172.089)TGRGAEDSLADQAAN(K,304.207).W	sp|P0DJI9|SAA2_HUMAN	True	1	100	99	9	Strong: unique mapping + multiple other peptides	sp|P0DJI9|SAA2_HUMAN
40	K.[304.207]RGPGG(V,-14.053)WAAEAISDAR.E	sp|P0DJI8|SAA1_HUMAN	True	1	236	235	15	Strong: unique mapping + multiple other peptides	sp|P0DJI8|SAA1_HUMAN
41	K.[304.207]AEFAEVS(K,282.164)LVT.D	sp|P02768-2|ALBU_HUMAN	False	7	14443	14442	9	Weak/ambiguous: peptide maps to multiple proteins	sp|P02768-2|ALBU_HUMAN; sp|P02768|ALBU_HUMAN; tr|A0A0C4DGB6|A0A0C4DGB6_HUMAN; tr|B7WNR0|B7WNR0_HUMAN; tr|C9JKR2|C9JKR2_HUMAN; tr|D6RHD5|D6RHD5_HUMAN; tr|H0YA55|H0YA55_HUMAN
42	R.[304.207]FFGHGAED(S,207.144)LADQAANEWGR.S	sp|P0DJI8|SAA1_HUMAN	False	2	236	235	15	Weak/ambiguous: peptide maps to multiple proteins	sp|P0DJI8|SAA1_HUMAN; tr|E9PQD6|E9PQD6_HUMAN
43	K.[304.207]GSFP(W,31.989)QA(K,304.207).M	sp|P00738-2|HPT_HUMAN	False	9	2545	2544	3	Weak/ambiguous: peptide maps to multiple proteins	sp|P00738-2|HPT_HUMAN; sp|P00738|HPT_HUMAN; sp|P00739-2|HPTR_HUMAN; sp|P00739|HPTR_HUMAN; tr|A0A087WU08|A0A087WU08_HUMAN; tr|A0A0A0MRD9|A0A0A0MRD9_HUMAN; tr|A0A0C4DGL8|A0A0C4DGL8_HUMAN; tr|H0Y300|H0Y300_HUMAN; tr|J3QR68|J3QR68_HUMAN
44	E.[213.184]PERNE(C,57.021)FLQH(K,304.207).D	sp|P02768-3|ALBU_HUMAN	False	5	15121	15120	13	Weak/ambiguous: peptide maps to multiple proteins	sp|P02768-3|ALBU_HUMAN; sp|P02768|ALBU_HUMAN; tr|A0A087WWT3|A0A087WWT3_HUMAN; tr|A0A0C4DGB6|A0A0C4DGB6_HUMAN; tr|H7C013|H7C013_HUMAN
45	R.[304.207]HPYFYAPELLFFA(K,276.221)RY.K	sp|P02768|ALBU_HUMAN	False	6	22163	22162	17	Weak/ambiguous: peptide maps to multiple proteins	sp|P02768|ALBU_HUMAN; tr|A0A0C4DGB6|A0A0C4DGB6_HUMAN; tr|B7WNR0|B7WNR0_HUMAN; tr|D6RHD5|D6RHD5_HUMAN; tr|H0YA55|H0YA55_HUMAN; tr|H7C013|H7C013_HUMAN
46	R.[304.207]FFGHGAED(S,308.212)LADQAANEWGR.S	sp|P0DJI8|SAA1_HUMAN	False	2	236	235	15	Weak/ambiguous: peptide maps to multiple proteins	sp|P0DJI8|SAA1_HUMAN; tr|E9PQD6|E9PQD6_HUMAN
47	C.[304.207](C,-16.044)AAADPHE(C,57.021)YA(K,304.207).V	sp|P02768-2|ALBU_HUMAN	False	9	14443	14442	9	Weak/ambiguous: peptide maps to multiple proteins	sp|P02768-2|ALBU_HUMAN; sp|P02768-3|ALBU_HUMAN; sp|P02768|ALBU_HUMAN; tr|A0A087WWT3|A0A087WWT3_HUMAN; tr|A0A0C4DGB6|A0A0C4DGB6_HUMAN; tr|B7WNR0|B7WNR0_HUMAN; tr|C9JKR2|C9JKR2_HUMAN; tr|D6RHD5|D6RHD5_HUMAN; tr|H0YA55|H0YA55_HUMAN
48	E.[187.057]ANYIGSD(K,304.207).Y	sp|P0DJI8|SAA1_HUMAN	False	8	236	235	15	Weak/ambiguous: peptide maps to multiple proteins	sp|P0DJI8|SAA1_HUMAN; sp|P0DJI9-2|SAA2_HUMAN; sp|P0DJI9|SAA2_HUMAN; tr|A0A096LPE2|A0A096LPE2_HUMAN; tr|A0A3B3ISW8|A0A3B3ISW8_HUMAN; tr|E9PQD6|E9PQD6_HUMAN; tr|E9PR14|E9PR14_HUMAN; tr|G3V1D9|G3V1D9_HUMAN
49	R.[304.207]FFGHGAEDSLADQAA(N,189.135)EWGR.S	sp|P0DJI8|SAA1_HUMAN	False	2	236	235	15	Weak/ambiguous: peptide maps to multiple proteins	sp|P0DJI8|SAA1_HUMAN; tr|E9PQD6|E9PQD6_HUMAN
50	R.[304.207]GDAV(C,57.021)TESG(W,31.997)RPLPS(C,57.021)EE(K,304.207).S	sp|P08603-2|CFAH_HUMAN	False	4	538	537	1	Weak/ambiguous: peptide maps to multiple proteins	sp|P08603-2|CFAH_HUMAN; sp|P08603|CFAH_HUMAN; tr|A0A0D9SG88|A0A0D9SG88_HUMAN; tr|Q5TFM2|Q5TFM2_HUMAN
