	R.[304.207]FFGHGAED(S,207.144)LADQAANEWGR.S	R.[304.207]FFGHGAED(S,308.212)LADQAANEWGR.S	R.[304.207]EANYIG(S,304.212)D(K,304.207)YFHAR.G	R.[304.207]LTG(R,-19.035)GAEDSLADQAAN(K,304.207).W	K.[304.207](T,-13.036)(C,57.021)VADESAEN(C,57.021)D(K,304.207).S	R.{290.173}[304.207]EGT(C,57.021)PEAPTDE(C,57.021)(K,304.207)PV(K,304.207).W	R.[304.207](F,-13.032)(K,304.207)DLGEENF(K,304.207).A	R.[304.207](L,285.173)TGRGAEDSLADQAAN(K,304.207).W	R.[304.207]EANYIGSD(K,304.207)YFHAR.G	S.[304.207]IL(R,-91.094)VAAEDW(K,304.207).K	Q.[200.048]TALVELV(K,304.207).H	K.[304.207]RGPGGVWAAEAISDAR.E	R.[304.207]GYSIFSYA(T,-18.007)(K,304.207).R	K.[304.207]LVD(K,304.207)FLED(V,272.169)(K,304.207).K	K.[304.207](P,238.418)(K,304.207)DTLMISR.T	K.[304.207](V,290.171)DNALQSGNSQESVTEQDS(K,304.207).D	I.[304.207](C,51.132)LPS(K,304.207)DYAEVGR.V	R.[304.207]FFGHGAED(S,304.215)LADQAANEWG.R	R.[304.207]FFGHGAED(S,304.212)LADQAANEWGR.S	K.[304.207](V,291.174)HTE(C,57.021)(C,57.021)HGDLLE(C,57.021)ADDR.A	K.[304.207]I(R,-47.107)ILQEENF(K,304.207).N	N.[186.070]E(C,57.021)FLQH(K,304.207)DDNPNLPR.L	K.[304.207]FEGIA(C,57.021)E(I,-18.005).S	K.[304.207]DLLLPQPDLR.Y	K.[304.207]ESDTSYV(S,-18.007).L	K.[304.207]A(A,159.958)(C,57.021)LLP(K,304.207)LDELRDEG(K,304.207).A	C.[304.207]E(P,30.675)NN(K,304.207)EGYYGYTGAFR.C	R.[304.207]SG(K,304.207)DPNHFRPAGLPE(K,304.207).Y	C.[304.207](E,-18)SNSPFPVHPGTAE(C,57.021)(C,57.021)T(K,304.207).E	K.[304.207](T,291.174)(C,57.021)VADESAEN(C,57.021)D(K,304.207).S	R.[304.207]GDAV(C,57.021)TESG(W,31.997)RPLPS(C,57.021)EE(K,304.207).S	R.{341.706}[304.207]FFGHGAEDSLADQAA.N	R.[304.207]FFGHGAEDSLADQA(A,318.196)NEWGR.S	K.[304.207]DPNHFRPAGLPE(K,304.207).Y	R.[304.207]FFGHGAED(S,335.208)LADQAANEWGR.S	R.[304.207]FFGHGAEDSLAD(Q,-71.026)AANEWGRS.G	K.[304.207]AEFAEVS(K,282.164)LVT.D	R.[304.207]FFGHGAED(S,21.984)LADQAANEWGR.S	M.[304.207](C,-2.712)TAFHDNEETFL(K,304.207).K	K.[304.207]ESDTSYVSL(K,304.207).A	D.[304.207]EENLTQENQDR.G	K.[304.207](C,348.19)(C,57.021)AAADPHE(C,57.021)YA(K,304.207).V	E.[213.184]PERNE(C,57.021)FLQH(K,304.207).D	R.[304.207]SYS(C,57.021)QVTH(E,11.673)GSTVE(K,304.207).T	K.[304.207](Q,-13.035)TALVELV(K,304.207).H	K.[304.207]SDVVYTD(W,21.987)(K,304.207).K	H.[304.207](T,3.95)E(C,57.021)(C,57.021)HGDLLE(C,57.021)ADDRADLA(K,304.207).Y	K.[304.207]YEELQQTAGR.H	A.[304.207]DQAANEWGR.S	K.[304.207](Q,291.175)N(C,57.021)ELFEQLGEY(K,304.207).F	K.{17.027}[304.207]SDVVYTDW(K,304.207).K	R.{290.175}[304.207]NE(C,57.021)FLQH(K,304.207)DDNPNLPR.L	K.[304.207]RQDNEILIF(W,31.999)S(K,304.207).D	R.[304.207]SYS(C,57.021)QVTHEG(S,172.063)TVE(K,304.207).T	K.[304.207]GVAG(G,30.017)SVAVL(C,57.021)PYNR.K	R.[304.207]SG(K,304.207)DPNHFRPA.G	K.[304.207]YAGSQVASTSE(V,178.477)L(K,304.207).Y	R.[216.121]ETYGEMAD(C,57.021)(C,57.021)A(K,304.207).Q	R.[304.207]GPGGAWAAEVISNAR.E	K.[304.207](Y,291.174)I(C,57.021)ENQDSISS(K,304.207).L	K.{311.984}[304.207]YI(C,57.021)ENQDSI.S	R.{17.033}[304.207]LYGSEAFATDFQDSAAA(K,304.207).K	K.[304.207](Y,116.074)LYETTLE(K,304.207).C	R.[304.207]YVGGQE(H,37.949)FAHLLILR.D	K.[304.207](Q,291.172)TALVELV(K,304.207).H	R.[304.207]F(K,304.207)DLGEENF(K,304.207)ALAVARLSQR.F	R.{60.067}[304.207]GAEDSLADQAAN(K,304.207).W	K.{342.182}[304.207]SDVVYTDW(K,304.207).K	R.[304.207]DASGVTFTWT(P,19.036)SSG(K,304.207)SAVQ.G	K.[304.207]VTSIQDWV(Q,11.807)(K,304.207).T	R.{121.109}[304.207]FFGHGAEDSLADQAAN.E	R.[304.207]FFGHGAEDSLADQAANE(W,29.983)GR.S	R.[304.207]WRDSLEFR.-	R.[304.207]TEHYEEQIEAF(K,304.207).S	K.[304.207]L(K,331.18)E(C,57.021)(C,57.021)E(K,304.207)PLLE(K,304.207).S	K.[304.207]SDVVYTD(W,43.971)(K,304.207).K	Q.[200.083]EPERNE(C,57.021)FLQH(K,304.207).D	K.[304.207]ADD(K,304.207)ET(C,57.021)FAEEG(K,304.207)(K,304.207)LVAASQA.A	R.{26.958}[304.207]F(K,304.207)DLGEENF(K,304.207).A	R.{59.319}[304.207]GAEDSLADQAAN(K,304.207).W	R.[304.207]YVGGQEHFA(H,-31.496).L	R.[304.207]FFGHGAEDSLADQAA(N,189.135)EWGR.S	K.[304.207]DIA(P,52.918)TLTLYVG(K,304.207).K	K.[304.207]LELSV(D,-18.007)GA(K,304.207).Q	R.[304.207]LGSSEVEQVQLVVDGV(K,304.207).L	K.[304.207]IEFISTMEGY(K,304.207).Y	D.[304.207](K,203.075)SLHTLFGD(K,304.207).L	K.[304.207]TNLESI(L,-18.008)S.Y	E.[187.057]ANYIGSD(K,304.207).Y	D.[304.207](K,343.097)ET(C,57.021)FAEEG(K,304.207)(K,304.207).L	K.[304.207]SLHTLFGD(K,175.073).L	R.[304.207]L(K,214.002)(C,57.021)ASLQ(K,304.207).F	R.[304.207]GYSIFSYA(T,44.951)(K,304.207).R	R.[304.207]R(P,320.211)HETGGYMLE(C,57.021)V(C,57.021)LGNG(K,304.207).G	R.[304.207]NLAV(S,304.209)QVVH(K,304.207).A	K.[304.207]ESASLMVDR.I	F.[304.207]SFLGEAFDGAR.D	K.[304.207]ALGHLDLSGNR(L,35.022)R.K	K.[304.207]AVMD(D,11.738)FAAFVE(K,304.207).C	R.[304.207]AL(K,304.207)YEVQGEVFT(K,304.207)PQLWP.-	G.[304.207]STYYAD(S,99.072)R.K	K.[304.207]Q(C,57.021)QDLGAFTE.S	C.[304.207](H,57.026)PNSPLDEENLTQENQDR.G	A.[304.207](H,-1.988)RF(K,304.207)DLGEENF(K,304.207).A	L.[224.122]EETLTHTIT(K,304.207).L	P.[304.207]V(S,-19.409)DRVT(K,304.207)(C,57.021)(C,57.021)TESLVNR.R	R.{296.068}[304.207]RHPDYSVVLLLR.L	K.{273.132}[304.207]LVD(K,304.207)FLEDV(K,304.207).K	K.[304.207]TATPQQAQEVHE(K,304.207).L	K.[304.207]ENQLEVLE(V,319.205)SWLHGL(K,304.207).A	K.[304.207]ASSFLG(E,-18.006)(K,304.207).A	K.[304.207]T(C,57.021)VADESAEN(C,57.021)D(K,258.202)SLH.T	K.[304.207]RPGDVWTLPDQ(C,57.021)HTVT(C,57.021)QPDGQTLL(K,304.207).S	Q.[304.207]LGE(Y,-85.033)(K,304.207)FQNALLVR.Y	R.[304.207]ILGGHLDA(K,251.14)GSFPWQA(K,304.207).M	K.[304.207]RGPGGAWAAEVIR(L,187.111)(K,304.207)(C,57.021)HGMI.M	A.[304.207](K,304.207)(K,304.207)LINDYV(K,304.207).N	C.[304.207](C,-16.044)AAADPHE(C,57.021)YA(K,304.207).V	R.[304.207](Y,13.981)VGGQEHFAHLLILR.D	K.[304.207]SDVVYTD(W,-94.618)(K,304.207).K	R.[304.207]GF(C,57.021)W(C,57.021)VD(K,304.207).Y	R.[304.207]GYSIFSYAT(K,304.207).R	P.[304.207]E(R,121.979)NE(C,57.021)FLQH(K,304.207)DDNPNLPR.L	K.{21.983}[304.207]EQLSLLDRFTEDA(K,304.207).R	R.[304.207](P,188.097)WNVASLIYET(K,304.207).G	K.[304.207]EVYI(K,304.207)(N,0.989)GD(K,304.207)(K,304.207).G	K.[304.207]RGPGGA(W,16.001)AAEVISNAR.E	K.[304.207](K,304.207)LEN(C,57.021)NYAVELG(K,304.207).H	K.{17.030}[304.207]DLLLPQPDLR.Y	K.[304.207]ALFVSEE(E,37.951)(K,304.207)(K,304.207).L	K.[304.207]LVNEVTEFA(K,334.302)T(C,57.021).V	R.[304.207]YVGGQE(H,52.917)FAHLLILR.D	R.{37.944}[304.207]YVGGQEHFAHLLILR.D	R.[304.207]FFGHGAEDSLADQAANEWG.R	R.[304.207]SDV(M,279.162)YTDW(K,304.207).K	K.[304.207](A,291.169)EFAEVS(K,304.207).L	R.[304.207]RFEQLELR.P	K.[304.207]ADD(K,304.207)ET(C,57.021)FA(E,11.011)EG(K,304.207)(K,304.207).L	T.[304.207](K,294.137)GPSVFPLAP(C,57.021)SR.S	F.[304.207]FTVLQDVPVR.D	R.[304.207]YVGGQEHFA(H,-67.644)LLILR.D	D.[304.207]EMPSPTFLTQV(K,304.207).E	R.[304.207](L,172.089)TGRGAEDSLADQAAN(K,304.207).W	N.[304.207](M,-32.147)GYEYSER.G	K.[304.207](I,309.584)LDDLSPR.D	R.[304.207]Y(K,304.207)VDYESQSTD(T,78.974)QNFSSES(K,304.207)R.E	C.[304.207](C,6.852)AAADPHE(C,57.021)YA(K,304.207).V	R.[304.207]FSGSNSGNTATL(T,39.053)ISR.V	P.[304.207](R,44.027)LVRPEVDVM(C,57.021)TAFHDNEETFL(K,304.207).K	K.[304.207]YVMLPVADQDQ(C,-33.98)IR.H	F.[204.093]P(K,304.207)AEFAEVS(K,304.207).L	K.[304.207](Y,263.204)TYETTLE(K,304.207).C	K.[304.207]RLEFVAAR.L	K.[304.207]GETHEQVH(S,304.269)ILHF(K,304.207).D	K.[304.207](K,304.207)QTALVELV(K,406.725)H(K,304.207).P	K.[304.207](A,291.17)LPAPIE(K,304.207).T	R.[304.207]NLAV(S,319.228)QVVH(K,304.207).A	A.[230.095]SDLTWDNL(K,304.207).G	L.[304.207](K,179.078)AVMDDFAAFVE(K,304.207).C	K.{52.911}[304.207]VTSIQDWVQ(K,304.207).T	R.[304.207]VGYVSG(W,13.983)GR.N	R.[304.207]DAQYAPG(Y,-19.013).D	K.[304.207]VT(S,304.214)IQDWVQ(K,304.207).T	K.[304.207]GSFP(W,31.989)QA(K,304.207).M	K.[304.207](V,167.516)SVNERVMPI(C,57.021)LPS(K,304.207)DYAEVGR.V	R.[304.207]FFGHGAEDSLADQAANEWGR.S	E.[304.207](P,24.926)ERNE(C,57.021)FLQH(K,304.207)DDNPNLPR.L	K.[304.207]SLHTLFGD(K,332.213)L(C,57.021)TVA.T	K.[304.207](Y,291.172)LGEEYV(K,304.207).A	R.[304.207]DSNRPSGIPER.F	R.[304.207]LIQDAVTGLTV(N,0.984)GQITGD(K,304.207)R.G	E.[304.207](K,339.8)NWGLSVYAD(K,304.207)PETT(K,304.207).E	R.[304.207]QDNEILIFWS(K,304.207).D	R.{17.031}[304.207]QLYGDTGVLGR.F	R.[304.207]ILGGHLD(A,203.141).K	R.{95.714}[304.207]DASGVTFTWTPSSG(K,304.207).S	K.{290.157}[304.207]SVIPSDGPSVA(C,57.021)V(K,304.207).K	N.{234.793}[304.207]LVPVPITNATLDQITG(K,304.207).W	N.[304.207]NYVSWYQQ(L,-30.002)PGTAP(K,304.207).L	K.{36.489}[304.207]AVLTIDE(K,304.207).G	N.{282.558}[304.207]ATLDQITG(K,304.207).W	R.[304.207]FFGHGAED(S,175.162)LADQAANEWGRSG.K	K.[304.207]YI(C,57.021)EN(Q,-66.226)DSISS(K,304.207).L	K.[304.207]RLYGSEAFATDFQDSAAA(K,304.207).K	C.[304.207](C,33.54)HGDLLE(C,57.021)ADDRADLA(K,304.207).Y	K.[304.207]RGPGGAWAAEV(I,290.196)TDAR.E	R.[304.207](S,-10.705)GRDPNHFRPAGLPE(K,304.207).Y	R.[304.207](S,100.022)AGWNIPIGLLY(C,57.021)DLPEPR.K	K.[304.207]LVD(K,304.207)FLEDV(K,489.33).K	R.[304.207](K,304.207)(C,57.021)HT(C,57.021)QNGGTVILMDG(K,304.207).C	R.[304.207]DYVSQFE(G,67.953)SALG(K,304.207).Q	F.[304.207](K,269.11)DLGEENF(K,304.207).A	R.[304.207]V(K,304.207)ENFD(K,304.207)AR.F	R.[304.207]NFPPSQDASGDLY(T,99.025)TSSQLTLPATQ(C,57.021)LAG(K,304.207).S	F.[304.207]L(Q,-7.737)H(K,304.207)DDNPNLPR.L	K.[304.207]VTSIQHWVQ(K,304.207).T	L.[238.201]NSRVATVSLPR.S	K.[304.207]TY(M,15.017)LAFDVNDE(K,304.207).N	K.[304.207]LLDNWDSVT(S,290.175)TFS(K,304.207).L	-.(C,57.021)EGFV(C,57.021)AQTGR.-	Condition
Non-severe-COVID-19.XG25		0.515137585356	0.459186300322	0.224752693943	6.78145181756	2.05867987842	5.23354524136	0.493198632177	0.820719794949	1.29002101149	1.8242313468	0.174764501935		0.051892798722	4.04175748386	3.5122097342		0.0665105735541	0.755976991686	2.22798728138	4.85712434631	1.46226940998	0.622137250325	0.524855605784	2.31623665264	2.37714462048		0.483513161872	0.717161488424	8.0985055844	0.435327912683	0.428576776495	0.0694345869753	0.243261172373	0.143451686278	0.493719836828	7.9926694504	0.99233575026				1.24902237216	2.58247526604	0.82945053451	1.90552244058	0.751141513753	0.896760573395	1.22279006906		4.120149548		2.23828039915	2.2784686447	0.108050348346		0.683500880699	0.595547818569	0.429205736585	0.97614751415	8.19344100599	0.501899057811		2.19617417877	1.0484199618	0.586879755535	1.83610047523	1.61884088832					0.716755238978		0.778277085826	0.0233867851677	1.05881476957	3.09798966322	0.320854621879	0.00425269023792	0.120089786189					0.515949933301		0.0227565995489	1.45909370134		0.364479108418	1.43882374599		0.808484875837	0.685705870904	0.742242847414	0.598884284453	1.52303088501	0.0151771651113	0.234429253491	0.122065132068	0.584360173602		0.935155676216		0.853011474543			6.87063047874	0.357071465841	0.277865074206	0.477621196635	0.921544164959	0.985374096906	3.72066252261	1.13388205571	0.381906100281	0.798712563432	0.539463978523	0.803619467618	0.779356931776	0.252038714512	0.0209716099882	0.506248623382		0.939414972958	0.296781027025	0.672993058886	0.712016486019		0.917050520713	2.76398180431	0.998897889777	0.867042351013	0.244157123671	1.58003336708	3.23454740222	0.383257808502	0.366326619218						0.785989975398						0.838501812458	0.741546776878	0.103895135576	0.715792189018	0.650753836502	2.07992946878	0.751085518641		1.25177446878	2.78900721862	1.44149596454	1.06000013395	1.45940731331	0.192471239458	1.45099936178	0.735200091156	1.23639544311	0.420708456259	0.0169180736828	3.11553016573	0.219837506128							0.921697454703	0.00901723182262	1.44152846548	0.787078095937	1.93890498675	1.31365869341			1.87172877678	0.0720802777988	0.533289397809	0.357324395997				0.171511795365		0.551544451127	1.10802514637	1.30253462417	0.706670861729	1.55325937253	0.572439812723	0.391320323071	Non-severe-COVID-19
Non-severe-COVID-19.XG23		0.126771062459	0.0215659132175	0.0744223779762	4.00206909982	1.46145253196	2.96932359753	0.0102030276436	0.0483746855113	1.61770611804	0.849093451287	0.0928783987397		0.0476052922708	3.10286723192	2.20469144451			0.0415736629336	1.37826023009	2.49379179297	0.636880624484	0.333937500104	0.195735577006	0.151701699357	1.25667310205		0.0719936439176	0.885320809805	5.48503466311	0.0379322314038	0.114011572423	0.0143870848206	0.106558854764	0.029136806603	0.106210229432	5.12254525642	0.126179597132				0.573466724756	1.43949296199	0.604872107445	0.896205110544	0.215525515926	0.492769455917	0.85741191214		2.68360624296		1.38868885134	0.165037295306	0.080744506994		0.317420767703	0.385736277875	0.752054325453	0.284359256188	5.23727712062	0.307292124624		1.42090047117	0.471996801009	0.31058056501	0.634069638998	0.0440489173948					0.212904283107		0.33635359795	0.0433866171073	0.286458897452	1.52110613618	0.142470702804	0.0113458044388	0.0904810477135					0.3062348838		0.0291749210876	0.775737727456		0.347045768983	0.597864309293		0.132046647768	0.538032050024	0.29071687016	0.32937102053	0.121709626145	0.00590778324518	0.162603100251	0.0203584844842	3.83014164824		0.33487248493		1.18489372871			4.15324538009	0.333749687879	0.268986536486	0.153389876342	0.626533111155	0.585162976083	1.90070986284	0.520280562041	0.0631137919512	0.371294574772	0.379840558332	0.393210105938	0.25928692961	0.400696975059	0.0244331211786	0.180592046752		0.408756981887	0.162117544927	0.545072360324	0.399403610134		0.391236174676	1.81956546285	0.422307780768	0.38686845554	0.0545567929438	0.472936712719	1.54706763686	0.294910848025	0.116696123156						0.629385615408						0.734134435	0.456914252431	0.0874506773994	0.559129030335	0.96405822992	0.935193325909	0.355692822589		0.818520971252	1.90143831487	0.813629246776	0.561526509434	0.703576194213	0.142222033641	0.892721739329	0.126304572278	0.0843061615679	0.198997918603	0.0137179733425	2.48873250369	0.187435927786							0.765932789348	0.0281615808763	1.10101398466	0.469946021096	0.453545154474	0.666824951083			1.00578332462	0.0690490081131	0.322431770266	0.470651273277				0.0806170316349		1.11733537376	0.546900566329	0.773982233771	0.576444790673	0.487340642039	0.489549792454	0.251910524033	Non-severe-COVID-19
Severe-COVID-19.XG40	0.379608227927	0.24790398735	0.743578411591	0.471376933736	0.363334480945	0.851481355289	0.587655013783	0.0306517547683	0.142560688498	0.699193429403	0.351590057187		0.542725077933		0.893721863306	0.322639355459	0.935817959893	0.592501236994	0.340024862527	0.700809058123	0.593982974497	0.0989888608741	0.674949915916	0.651231649607	0.114507005249	0.203744421463	0.674537079418	0.236622394704		0.389667622495	0.364312777929	0.283536951482	0.223975444064	0.181772609633	0.104666583788	0.413016914856	0.286395740556	0.374530813816	0.659688809195		0.827004444811	0.512326915938	0.47404310733	0.536190886226	0.49117382198	0.35095443426	0.381230224777	2.01496482497	0.287424142105			0.758975167592	0.180394903699	0.370199865924	0.762353255781	0.405209875736	0.704294116901	0.520947542906	0.295144455922	1.15628747884	0.730562932164	0.847089102634	0.588644803467	0.723144334045	0.0201333908032	1.90898976011	0.0414768543985	0.432779634696			0.312260895956	0.314293895964	1.28498136455	0.494187512252	0.0160757301196	0.718200079136	0.108176870198	0.199533576506	0.00769999019635	0.225473606974		0.431920922754	0.847212077281	0.652778977242			0.00880918647881	0.452191660202	0.624271118713	0.266194207594	1.28995749454	2.05014779571	0.59868221746	0.562201253348	0.391451003083	0.53145423491	0.213244751818	0.106925083465	0.115494877798	0.0919336952723	0.447643132421	0.70716983321		0.72820011917					1.11141057048			0.364424049883	0.333980124619	0.210962959204	0.941409528191	0.0512099947281	0.651085385333	0.567650789238	0.264678789051	0.656751997107	0.126858933608	0.164361971398	0.226976452055	0.397533948256	0.820137656832			0.956424166789	0.303545050278	0.635332007848	0.798322956122	0.587559276509	0.786246039296	0.197793549897	0.604887738028	0.0933229496911	0.626826945547	0.445542821896			1.0822286291		0.671006937666			0.646842202658	0.439207390318	1.15917417646	0.542303101213	1.59556140924	0.218301165249	0.118890148804	0.578281274795		0.794729988466	0.601138617929	0.581015103411	0.209797414527	0.437752758391	1.25258597991	0.919813656768	0.784427294295	0.785557386023	0.718393297995	2.17892009241	0.0178409166787	0.0792293437201	0.0120737344412	0.789897844407	1.5264288981		0.27491147881							0.509253538929	0.642062295357	0.590720504998	0.246915016087		0.826251392381	0.640772456469		0.274940946383	0.699075340921	0.396929272128			0.51928487558	0.368871663066	0.643615426398	0.517808630028	1.18163473784	0.3589709033	0.804128972548	0.217981715404	0.477027931627	Severe-COVID-19
Non-severe-COVID-19.XG7		0.0331962744392	0.0497532921521	0.00798712564091	0.811003123448	1.03816430031	0.569055731136	0.000648913220091	0.00319119390444	0.910140462084	0.15757909439		0.0501984373079	0.0135362417679	1.22446140887	0.563491102007	0.290375471363	0.0366951092168	0.00379184606718	0.544549009467	1.82732304704	0.299158411192	0.246543082197	0.206137622695	0.00908664240893	0.349397122485	0.585340716433	0.02435066399	1.01432243387	0.424296514996	0.0267601660222	0.0807076506398	0.0215979723302	0.00761209144276	0.0143015787683	0.354807257876	0.312895387779	0.0218850991314		0.0127195002266	0.181068310942	0.722059476009	0.671956975584	0.312774384879	0.339581050321	0.135052466498	0.412946820977			1.47927843171		0.830736262386	0.031649279613	0.100569930835	0.340251486669	0.0415318367781		0.923377018873	0.0401504646701	1.55643387432		0.241918944375	0.646799525863	0.130204065229	0.148068903552		0.00113768300373	0.170047283976	0.978381547041	0.937009555411		0.111717763083	0.198206718919	0.0878734948425	0.0194192382381	0.236717327972	0.230893026114	0.107567079744	0.00787650909468	0.00601560669334	0.116425341788		0.367402589132	0.532116470315		1.027803691	0.00566566164342	0.131982701529	0.251315516879		0.416509268987		0.0904148011058	1.03118303527	0.0207783638734	0.176988078611	0.0769953543816	0.0456133793496	0.0881414636121			0.544341385263		0.85729056985	1.02802014203	0.408990158517	0.722880146657	3.16377006115		0.572489072265	0.247975875164	0.191974434259	0.248805639816	0.160277922806	0.455587760816			0.693355997859	0.138654727305	0.0819312618279	0.957405639447	0.0166422126051	0.18043185357	0.21466193324	0.300088213849	0.0867486526766	0.0819024548922	0.112190271199	0.523146310531	0.272995982249	0.26373572488	0.27710188073	0.100703313742	0.0119197086373	0.171302800093	0.0762254056044	0.327249472103		0.361880197945	1.40585587652	0.821599763702									0.436881711804	0.014575317907	0.0307521798523	0.195078802007	0.767610657237		0.271365640531			0.215050890288	0.460976242916	0.501129347385	0.238247851314	0.0490787498601	0.261904126894	0.149511290774	0.00272901131924	0.0751789303737	0.00423958516973	0.69782338833	0.0459780484762	0.260250926174		0.0509691769437	0.937412983802	4.67857169183	1.14003137912	0.482633942819	0.0173116687433		0.414040110029	0.118282419324	0.0370176384562	3.88491188132	0.278815194407		0.217103920866		1.01094082563	0.0744647525369	0.136953344728	0.139746066787		0.743375309472	1.28865726725	0.29901197556	0.260520454261	0.624951837105	0.412121657429	0.468721786694		Non-severe-COVID-19
Severe-COVID-19.XG26	0.598151544545	1.19516247218	2.88138960233	1.41610312297	0.472371740899	0.57263350007	0.556145365528	0.269857583433	1.28690340214		0.0767257932516	5.31755164129		0.102823349629	0.682680165742	0.30421602335	0.96781722675	1.25385949337	2.34948468201	0.365004271807	0.410629115459	0.207497854047	0.797859103479	0.527924294261	0.40089334825	0.594726003203		0.259902565267		0.227028076136	1.51262667512	1.07105776584		0.677046372568		0.517023931032	0.214936977679	0.582198668466	0.568417129641	3.19869881896	0.656329175954	0.48828516759	0.30418935007	0.393300861115	0.16814433698	0.889690149723	0.615732124796			0.628488500272	1.68258184552	0.927455243344	0.476754671766	0.427167370419				0.313554623008	1.06934542377	0.780105798866	0.310868665266	0.595064008111	0.323025700134	0.904723047877	0.038576074466	2.59969831461	0.544509399295	0.980871905914	0.74235851769	0.828413956319		0.92749797881		1.6849633354	0.0149380315652	1.19532611997	0.0839532368542	0.0614522678023		0.342535869802	1.61438801294		0.375966200551	1.39861960454	0.682895145034		0.00540144554738	0.378443573738	2.11549137911	0.173684763823	3.36304347896	1.1470524121	0.988677784849	0.247152451983	0.904965809927	0.383861846064	0.622633692151	0.211203283683	0.10710691258	4.18516003077	0.609866408282		0.808297961326	0.0595232856111		0.816501338223	1.00042020975	17.3993120877	1.17597219355	1.15269320206	1.52440645192	0.0304764197206	0.895519314433	0.0445843485888	0.91434128507	0.399181071299	0.699553550934	0.418594159251	1.28102711192	0.762020066222	0.0382595120912	0.105935203146	0.632622818395	1.12344518044	1.17803759263	1.05937456945	0.766250338821	1.70288515678	1.13424196865	1.31640741166	1.13885101776	1.02926319858	0.848234830906	0.960827679454	0.867557924191	0.0896736522321	1.46135598124	3.54611077043		3.87094943943		0.560878307695	2.28433341229	0.872574873937	0.437057803007	0.336276276448	0.929721801397	0.387350789833	0.668305002568	0.783705952869	0.306707650329	0.166166368338	0.864940867194				1.18116640665		0.217543627834	0.444596375413	0.696340412785	1.49167412108	0.630044893251	0.747127127369	2.3075948572	0.111109273798	0.61733797808	0.0128911917941	0.678294414782	0.564168972382	1.38723525204	0.379749816748	0.513713353864				1.001622358	0.0354884375557	0.391228057736	0.482426326502	0.898748575952		0.606954986272		1.10874188711	1.5083217744	0.340415007643	0.135907755075	1.00785381407	0.735213826158	1.4072840245	0.589015593611	0.793334765803	1.03590061828	0.422583220178	0.465120580201	0.264491361808	0.573228437956		0.358460119112	Severe-COVID-19
Non-severe-COVID-19.XG14	0.0760138645159	0.118772225849	0.126206871075	0.0829394296885	2.57754757004	2.56804950059	1.85598928463	0.0139509726847			0.165964300411	0.113256660433	0.274776407581		3.48602651482	0.669031360904	0.913377888673	0.146016139813	0.0126993206317	1.5331445982	3.0313872694	1.37551225553	0.344108002376	0.696392359622	0.0248583845854	1.46524806967	1.00036130141	0.140027921611		1.5550412097	0.560618410529	0.211813417743	0.107500895981	0.568001036309		0.400957178377	2.44164816162	0.1773643938	0.92431327271	0.100385860544	0.321394716617	3.25777049455		1.46529465228	1.59168096726	0.466338610252	0.884517098872	0.992596157176	0.0756465155358	1.0377773616	0.34376395595	1.71264342195						0.714025198319	0.149624209364		1.87201928531	0.661944567252	0.698957073034	0.477734056599	1.55745698048	0.987283589593	0.00736340532916	0.610733501777			0.0401780620441	0.966633635428	1.11408701722	0.217846442565	0.0253604215636	0.596017550848	0.300067536065	1.31776151061	0.025190867085		0.227279127471	0.122169359079	0.678614212976	0.546010253367			0.00928981601258	0.264925608047	0.628008659515	0.483637881561	1.19904941834		0.379415231055	0.642218981983	0.413613689831	0.563434109353	0.0935881278323	0.0585565702641	1.34676188528	0.0589948013208	1.56716223799		0.205588738169									1.2795375482			0.849608363616	0.0446562755879	0.437523664851	1.18995468456	0.529009290143	0.415672640078	0.0469519722219	0.135037204511	2.63950503427		0.54650245549				0.349694358754	0.377602742995	1.61204031754	0.906011566973	0.596230841549	0.213904028013	0.393644312603	0.227576529729	0.480213428794	0.0562217712684				0.998743617996	0.230738776615		0.756384537083	1.43839815487	1.62285300313	0.112499102083	1.12351842002	0.839130382048	0.335385303101	0.693343333849	1.04527727021		1.31451712481		0.425207886524	0.558126173194		0.557030598679	0.63884372947	0.366265374631	0.508105948484	0.466150436355	1.02073399503	0.0162966300053	0.429256166477	0.0100064160839		0.0557825201756	0.437386678721	0.356246192755						0.0141806529647	0.918417880743	0.844701254828	0.116633048758	0.0853395248354		0.817353188549	0.672808878554	0.234519536455		0.393999352776	0.988826904382	0.64084598461	0.444709754323	1.63834596455	0.861942111344	1.23743635009	1.81818477722	0.505917799109	0.938016646844	0.495591321143	0.686351226139	0.275457679594	Non-severe-COVID-19
Severe-COVID-19.XG37	0.552669633714	0.273350124332	0.559931606068	0.616798173888	0.593053305925	0.91310908401	0.313404621792	0.302438152438	0.375268419156		0.200532926981	6.49584005573	0.590625928789	0.123733801464	0.828508848257	0.59141906218	0.876126759482		2.03871506834	0.541179558171	0.443584728881	0.22350375675	0.565474099225	0.66367155436	0.579523918786	0.27661197263	0.538152186731		0.466112438427	0.483117258005	2.05237894718	0.447831781547	0.823654880993	1.04406953083		0.467429643325	0.441448232308	0.7214814985	0.514508281981	0.596981178571	0.306685618912	0.634265596416	1.08350638327	0.397560405654	0.232118402535	0.599896840426	0.538039693792		0.499180161405	0.25144486713	1.02466290605	0.401218153539	0.2129302612		0.547616721299	3.37546938002	1.0776412679	0.201602207243	0.446541487931	2.7272333246	0.424139201095	0.711756932048	0.16843425188	0.75750881667	0.0536937749121	0.378372091124	0.0619579761969	0.417949611151		1.78454805869	0.810910420396	1.8784881366	0.368749840648	0.0569218087179	0.0058543516132	0.534700782765	0.203347254303	0.0800644838164	0.00995686991684	1.25960725707	0.319372233911		0.726159136172	0.765886635228		1.09452773282	0.00270905589818	0.744242698012		0.782927223602		0.881177403169	0.473245824774	0.20031860358	0.948795604677	0.320972248758	0.129422627672	0.133889488818	0.0640181402323			0.694575206108	0.321792531188	0.239073282527	0.530781523951	0.676069436986	1.40300720749					0.122311893996	0.495324538749	0.141628578724	0.78058764611	0.267937555012	0.125064311991	0.731801053415	0.883082938108	0.272656391921	0.124171178566	0.0801295401945	0.301264342616		0.275758923119	0.499264031723	0.522695070008	0.58367154472	1.16291955269	0.613437297828	0.369818034084	0.511109610702	0.697902346762	0.166632061665	0.478745380814	0.0616201115018	0.520465751189	0.0552512565967	0.337515307538						0.441182052493					0.798879016637	0.420794270697	0.0646720191922	0.559490924958	0.776789630508		0.283290510923			0.285467014139	1.09975746082	1.67498917777	0.927598813983	0.725588537072	0.74462069134	0.720009730712	0.125074690862	0.0428481945796	0.0220875243673	0.625190489865	0.145180942485	0.721646901339	1.32409601061	0.479863184585	1.3571122825	3.62520317032	0.258416055132	1.06416654426	0.0309338358001	0.286415653259	0.873318198058	0.339236802708	0.244391670078	1.20957824205		0.904560392558	1.3360439245	0.791815971173		0.445454563296	0.418890157712	6.40264985078				0.806332172229	0.948819341334	0.444480874436	0.149153612933	0.156442984708	0.417543489659	Severe-COVID-19
Severe-COVID-19.XG38	2.75808862173	5.03537075165	16.1074060398	14.5197223006	0.750939884219	0.942637574364	0.51284960484	3.66157036769	17.8256295184		0.0798456105667	16.8084390469	1.19601025725		0.912071869451	0.425444355864	2.39214388555	2.39916853097	2.16909614408	1.00577031725	1.06669601813	0.893011857067	0.846081446484	1.88887846083	1.10801906172	0.522891717941	0.602210793151	4.77649568718		0.413350655284	1.27862721122	6.9568911644	5.8020199665	1.2128508078		2.35148109447	1.1022989857	5.20324299797	0.726799573963	1.9403958586	1.02355737137	0.90677606704		0.522215841238	0.941403286309	1.1011593761	0.349213810016	6.79166005113	2.2435812549	0.419553606978	0.945487969847	1.34739356584						0.550491912164	1.54577691385		0.593402827963	1.80634362045	0.278669752919	1.04573652513	0.633515565486	2.48749471442	2.8228411864	1.59876841882			0.591932384594	1.24574863205	3.8428831027	0.574891300615	0.0159294493131	1.52106157204	0.125548359827	0.284962746933	0.00944343723116		0.472137362679	3.59104597697	1.97250687024	0.855621638131			0.00701559100848	0.431363796061	5.61493630629	0.332766202445	2.12538463753		0.797617931237	0.614341912686	1.35836949595	0.686273721263	2.41739683364	0.164286593626	0.858926242403	2.91005805778	0.267906442134		0.520402849352									0.692549790822			3.94004970854	0.244517321707	0.976904184279	0.460217505892	0.725781138925	1.08093104091	0.0356506460184	1.18719223	0.386016289297		1.25281118225				0.648369569943	0.717806950123	0.503786258748	1.46918308489	1.28110635727	0.575656504707	1.02455717631	0.073882132981	0.748797626206	2.78518771101				0.868762246485	2.52689574621			0.668994769102	0.886751622888	0.486980288566	0.500198297611	1.85072150012	0.345201733851	0.741631282126	1.38554178318		0.712772404913		1.4633512106	0.105901774092		1.70049346031	1.69022297746	0.794322339295	1.71209396052	0.965465255262	6.7208276483	2.2840592255	0.113280120738	0.0153446923588		0.245839062565	1.17986191194	0.563327700957						0.307070583458	0.703474537749	1.26875116841	0.381483553646	1.58201594636		1.98197660409	0.915656853282	0.23203461571		0.380517142944	1.46137789241	1.66178637486	0.507269853893	0.227079212389	0.566091594413	0.981143119745	0.969832768632	1.41464475352	0.49087506041	1.44826700096	0.566104445375	0.263713071376	Severe-COVID-19
Non-severe-COVID-19.XG13	0.0753068707062	0.0196297636009	0.0572813040461	0.108328619863	1.15165194514	1.96757213049	0.96774381757	0.00886694583552	0.0313696637841		0.761315098992	0.0808394728692	0.106359412616	0.0745919738678	1.63355547884	0.941430904982	0.44705511832		0.0629034013425	1.08289677484	0.955664483949	0.604319925681	0.291760175699	0.270502571586	0.0491588235238	0.683305125394	0.694348451236		0.899051627072	1.06660250678	0.0679842655307	0.172866749674	0.142139811235	0.0320511218141		0.046047060867	1.12405071933	0.0470896720929	0.845019088257	0.0588948238688	0.142513046933	1.86362638311	1.66890627733	0.93834949686	0.376754626832	0.220843620463	1.29873613064		0.0447200568355	0.624636800642	0.412092394562	1.03171343526	0.0364546700457		0.408962238398	0.220688724013	0.689880280977	0.587156224282	0.0316997296278	7.77495760714	1.10213627494	0.318464548683	0.41877250641	0.357895173389	0.105881788328	0.971167319872	0.00418182602497	0.16489047369		0.722455591673	0.251006552097	0.129339633682	0.425365176107	0.0440598804776	0.00921691257529	0.259954287769	0.421908436505	0.254208908331	0.00864748006173	0.0857621679588	0.204020625396		0.279126823004	0.796644686537		1.00948786498	0.00204283093286	0.238321047421		1.13676500246		0.341085128675	0.0811285180016	0.68225730805	0.354213555759	0.260941482672	0.207818410796	0.0601919284375	0.178879211292			0.332710303122	0.167329244294	0.817258392034	1.04165296869	0.522969058121	0.549870188869					0.221358616481	0.687994815663	0.55671060177	0.596415471	0.0381380782905	0.0949183263448	1.82176905884	0.310267695083	0.171270782973	0.28931530809	0.0122196275197	0.730253157709		0.10055462128	0.146146849857	0.241104115432	0.258092077028	0.609376801248	0.488431399725	0.810489855657	0.364477525208	0.439279796359	0.0386276696266	0.202656437238	0.123582580545	0.406348307866	0.0638833757307	0.65590738698											0.573756088748	0.157504268013	0.0440763150123	0.457289478836	0.355617988588		0.505307884066			0.708588509835	0.428552931188	0.566291881716	0.49154121952	0.373963095303	0.396378819999	0.68886367485	0.00634690813825	0.129341691025	0.00677708892057	1.06499889465	0.14199286925	1.04632514918	0.0748089451704	0.197068458567	1.13401055411	0.841226736893	0.46997362605	0.507715716557	0.00722282452598	0.679351672698	0.592447557385	0.259501274091	0.0186305937345	3.60909051621		1.35008039728	0.103760478875	0.0644979527271		0.185847285296	0.248821772048	0.152235537919				1.30796957977	0.318536495419	0.63064290878	0.0845049279052	0.349472054026	0.263422126028	Non-severe-COVID-19
Non-severe-COVID-19.Patient-group-PT	0.127233359599	0.157218511015	0.292385032102	0.0480355107035	1.68286149508	0.628984097281	1.21185525801	0.0142806351491	0.0661118358276		0.519006358114	0.0426379722709	0.440209902798	0.127941519978	0.693736475486	1.19661891915	1.34473489058	0.279001413918	0.190805547585	2.22665934921	0.469961510257	1.90155904119	0.440029748875	0.183834533263	0.0382417786201	9.98046599506	1.54710155915	0.272481869981		0.105370947749	0.225506064325	0.509657718294	0.206189720524	0.165707050227		0.585733337617	2.61962513782	0.367707294025	1.2215386442	0.0794863808506	0.305510522305	0.393012404946	0.586629283679	0.959091377419	2.42510485479	1.12646923919	5.54454910778	1.38841752538	0.185887312367	0.53414799264	0.834697154996	2.32272778993	0.0659686044791	0.114952892865				0.94664109938	0.283012702758	0.469018232823	1.37627066451	1.22212192224	0.16727553931	0.595521893893	0.0417940992632	0.906011612858	0.0121005735425	1.51814787459	0.99479632164	1.31118117685	0.0944569297772	1.41535292423	0.923809807101	0.419926168454	0.125308567901	1.12207152358	3.3299451365	9.65413739839	0.210800484893	0.0280209197309	0.461460818807	0.39680730889	2.0939222453	1.77401272223	0.53711932589		0.0425432566743	0.253239890583	1.29512188595	0.664273761712	3.70037726912	0.948647023852	0.814891890506	1.71710069353	0.608432615667	0.291745862596	0.187107257613	0.0893387618682	1.89971422842	0.153972713236	0.783811624497		0.553837248841	0.0715995233635		0.564347551658	0.995900722368	0.671734777147	0.477280088862	0.624432372688	0.737772946993	0.0145280057752	1.07109347906	0.04348731655	0.771824844046	0.108798184654	0.598223404827	1.57389373552	0.734036842285	0.951115232923	0.120794005086	0.0284127413076	9.450578696	0.263804428084	0.590788600596	0.329601053826	0.185999244815	0.884473842647	0.354079961775	0.733149950686	1.22877615516	0.701357388642	0.91495640576	0.335003802941	0.957394736423	0.0534183333805	2.81181807654	1.0661689286		2.31589989787		1.96054728879	0.118426444198	0.271562339689	0.831051525558	3.02295050322	3.74559473456	0.304634729809	8.2743721745	1.31461428875	0.201409868705	0.113221973166	2.2006464221		7.03039681144		0.874937678887	5.59470466701	0.163438657967	0.54208865727	1.47616668483	1.246132492	0.760277432283	0.999777265604	2.06316721897	0.0619775397777	1.55940877241	0.194321406886	0.741613002469	0.541587263953	0.908237509816	0.449962349358	0.0345630725021				0.818388345535	0.0416505212846	1.09624353755	0.289024354869	0.327156364519	0.220352172214	0.478589487874	1.52971549505	1.05077785053	0.56993563913	0.292755764249	0.846464058027	0.960459306191	0.217460877601	1.40120025122	0.356099863797	1.06725176458	2.28587051081	1.98682612949	0.651066881303	0.245584982242	0.632792389158	1.56554126593	0.467519603904	Non-severe-COVID-19
Severe-COVID-19.XG43	1.57011208615	0.865539848346	6.29957488652	4.76905962546	0.497382100367	0.319611400582	0.66869815536	5.31119767637	4.51655886468	0.869373362818	0.0814533655912		1.58774314313	0.246378115411		0.385295365545			2.27150922894			0.172135549159	1.81106569457	0.74098005748	1.25152006685	0.315194420555	0.291433765937	2.45316846495		0.867256276352	0.551105549459	1.48198328239	1.07877017416		3.18189961782	0.893261377951	0.656492102648	4.79990725482			1.21723747034		0.213996880944	0.550325648651	0.358165383165	1.83878300316	0.509991369922	3.08967036026	3.90997999229	0.51331150553				0.366755289643	1.07785169398		1.13245870821	0.561363114527	0.0847756875077	0.507420565411	0.158882358645	0.740048501058	0.505091856323	1.41301331615	0.0647097242485	1.93967092483		0.474421941602			5.18580691638	1.63662336847	1.507362917	1.0125212533	0.0138570644817	0.652561038339	0.517379087055	0.567165709469		5.85059079177	0.233935957129	1.88857567176	0.641514016955	1.05250796321	1.89856698888		0.00281511278786	1.39643392177	3.28617477172	0.844141008516	2.67668867646	1.41260385252	1.66724306913	0.494233134336	1.82790293859	0.496074151181	0.353699390935	1.61875491056	0.12146948561	0.74146137452	0.457423790049	1.07842424314	0.910650081872	0.0846599370323									1.47379928732	0.404814700746	1.30251847264	0.70593507754	0.632330463535	0.729838883004	1.8847168674	1.81305503253	0.0527254230863	2.04198092282	0.0553644337875			1.58677365634	2.80079256044	1.14411868825		1.01688114839	0.360318170338	1.38088997992	1.8026764166	0.507227121514	1.716943522	0.0262015017781	0.417846631056							1.04483991492						1.35722876648	0.401476876824	0.568313767831	1.10057252286	0.659909049787		0.396064928168	0.749170206853	0.0869897818032	0.908414267465	1.67576411771	1.27746827459	1.581700856	0.759369091135	0.81664253497	0.967763157819	1.68650897392	0.0524011426792	0.00840954202798	1.27589669526	0.225418681016			2.99216109128					3.81861033747	0.227956001447	0.975356402086	2.85474264444	0.589353943674		0.844502973206			2.15209380235		0.442981313577	1.7410027607	0.3165236608	0.844635894135	0.704149116674	0.545123912576	0.711586523631	2.08072762465	0.518446109128	0.702005164522	0.241975505514	0.907291811227	Severe-COVID-19
Non-severe-COVID-19.XG2	0.132285174317	0.0695859282236	0.0694119654986	0.033355440653	2.13775768232	4.26039384288	4.17153471677	0.0138167953	0.0247919966039		0.208626725155			0.0664313580143	2.69063265824	1.6982112567	0.861678054498	0.214948838742		2.13360434429	2.66190958198	0.687072606373	0.441690540165	0.187710663264	0.0393344846081	1.06467532038		0.028704250058		1.51768165416	0.118225760319	0.445120043872		0.045044029607		0.11872385278	1.08396273509	0.0543761526075	0.933254160202	0.140175828424	0.298675684438	4.10322980394	1.6247145306	2.82223524384	0.723122609543	0.343325569139	2.60076219308			4.39166456979	0.636945764515	2.70846774463	0.0763808293129	0.272967153746				0.285485330816	0.269694414621	4.84930979584	1.70338274036	0.489096410958	2.02639886191	0.305117664891	0.200169586744	1.10140412792	0.0144840445104	0.427013226806	0.778125312323	1.03074262974		0.160523753154		0.75039441909	0.116497893642	0.718394522841	0.180853877209	0.174680629035		0.017183713515	0.621723190497		0.520240579243	0.820191876734	0.375769183351		0.0120523446861	0.249505017474	0.434569366212	1.14073908136	2.49079344928	0.56969255159	0.475782339246	0.667582626334	0.562323733751	0.233855148037	0.0594907440561	0.0606749202227	0.487337951276	0.418842842115	0.928130320141		0.50306012182	0.342392299997		0.760363205057	1.17680499507	11.2241043786	0.291492000071	0.608175121284	0.530428935031	0.215395821767	0.697308547036	0.341610486659	0.86419441409	0.0305051315649	0.498161694743	0.853935822895	0.479625972549	0.21402718794	0.0573610217999	0.0248105392714	3.32283337612	0.566820881633	0.744499810569	0.307841709888	0.16883377753	0.733534539354	0.573429504538	0.721221414219	4.90366988867	0.599049476843	0.660570592463	0.745582312847	0.327805998485	0.462852309419	0.783460156795	0.128104010236		1.91169415496		1.33127985468	0.42573392726	0.811542282452	0.551146206912	1.07873628887	2.07897215215	0.333935202345	1.04391983096	1.16846409474	0.230699525135	0.126538207557	0.39719616626				0.619853437863		0.538012340894	0.387991944485	0.802609450621	0.812214322383	0.679448935595	0.664580537522	2.28645015588	0.00878127166393	2.69194399631	0.00676874165399	2.89689890569	0.389795601572	0.527950634032	0.202146156156	0.0610448760373				0.756901726829	0.0244803532828	1.23474603381	0.34538490744	0.393909405536		2.60199567018		3.53801700729	0.320001702446	0.245788581644	0.196918469805	0.467577064631	0.293351953169	0.034630193855	0.223048290597	0.992948601506	2.79291733153	0.407785020039	0.512716173272	0.624672230642	0.202676753397		0.244313533576	Non-severe-COVID-19
Non-severe-COVID-19.XG8		0.0298710079816	0.0760820710621	0.010581363524	1.68289745407	1.76707020586	1.21556989752	0.002438557595	0.00648348943716	1.31148336421	0.230572989221	0.0350576563559	0.0491807417606	0.0430351064442	1.57242504729	0.815196144846	0.19505269096	0.0395824921275	0.00633806346932	0.78371481239	2.26447228716	0.43655576595	0.214454237683	0.209480883706	0.0109432371211	0.532458774876	0.850434860072	0.0386303274686	1.0955510173	0.677996590238	0.0544688022121	0.0827008582912	0.014274875886		0.0241772393163	0.233077928122	0.558695937341	0.0211134491175		0.013657311386	0.181265986619	1.32747069878	0.668551503947	0.333707529804	0.595070480419	0.150637588522	0.56230122853			2.3561481062		1.60349860885	0.02989106031	0.0895955548595	0.461278634111	0.0220549241737		0.865751449042	0.0563655040991	2.69047652798		0.248178113016	1.22843204534	0.138679200359	0.244363723155		0.00133360836331	0.171657188177	0.862154811748	0.408709279071		0.104455081127	0.186798647369	0.0925498056079	0.0446433373157	0.211313980277	0.253436298571	0.146158264498	0.0182435247615	0.00665853474537	0.164862022654		0.101209029564	0.459141447984		0.834489652328	0.0114650428276	0.206952996027	0.241931962668		0.668791697033		0.107112366256	0.846647401126	0.0193883438804	0.201381431387	0.0932694623883	0.0336287117251	0.171293606211			0.358478723835		1.44840611886	0.773112384811	0.374810389477	0.80414694348	6.11531554314		0.545114323157	0.348645448884	0.344421685301	0.194273147252	0.27300395077	0.368699296864			0.767364063924	0.153800693109	0.0952262841961	1.01136630481	0.0241113593493	0.260443926741	0.421965903365	0.289546569436	0.110617476773	0.0824066950872	0.0870366959132	0.365071331428	0.299417488533	0.436632022728	0.315453688154	0.119041556351	0.0276897961402	0.155854982356	0.136357912735	0.305409840726		0.52627486467	0.790306011862	0.801602048567									0.331126458968	0.0100721206456	0.0403509717221	0.266935341792	0.363900757775		0.319377100233			0.339385514944	0.376471037144	0.175583395689	0.242973350587	0.0558012215463	0.187702695531	0.137556698484	0.00224786961496	0.128977274943	0.00553929671242	1.1264816839		0.274451097072		0.0645211040022	1.53699021243	1.80690364789	1.10985748551	0.381660821948			0.428663633211	0.109774881323	0.0383076805058	6.90361880622	0.325422072804		0.20648735514		1.00675361421	0.106620964096	0.129134229363	0.186902557329		1.19936208146	1.54545417424	0.374842074292	0.0743349356948	0.899521667645	0.307987656232	0.61836633082		Non-severe-COVID-19
Severe-COVID-19.XG45		0.277155196445	0.189996464532	0.124613656822	1.29155623349	0.901890552078	1.04105924542	0.215989744874	0.381010099471	0.463316946759	0.20940915587			0.0750549334361	1.21451023976	0.944318778057		0.0694111323408	0.175404743038	0.704894947631	1.13035386399	0.213781035347	0.501628588903	0.427372139719	0.474296870693	0.54827806134		0.230580646583	0.539768294075	1.42771215859	0.176074209299	0.189240852498	0.0409611391293	0.138956019799	0.0679338936308	0.272081784337	1.31760636	0.504000958589				0.287478213202	0.654873607179	0.258637133401	0.488210296651	0.486070628114	0.257263485801	9.65504815781		0.887972717955		0.553706532767	0.496570451679	0.198222867197		0.473472596186	0.830394002848	0.46001081469	0.604849471722	1.76455895383	0.161572146496		0.415273267831	0.865108564911	0.136907507321	1.72036202009	0.709675433682					0.425309057551		0.595438009827	0.0305583315842	0.667804487714	0.625341402604	0.0695516079747	0.00569598053375	0.111574153682					1.86003353705		0.0217648397959	1.27139455994		0.320554615026	2.7195047263		0.232940890591	0.55266110074	0.557249203199	0.619767029458	0.655727292362	0.0115922021405	0.0999601442435	0.0367924463819	0.45948344424		0.850173785902		0.602909958545			9.64867182902	1.55943879065	0.396193427866	0.518976233243	0.168816854425	1.54459965926	0.750617476975	0.515644488254	0.355666187341	0.647408137217	0.406443862395	0.689631066874	0.546577317855	0.237829964649	0.0420205387361	0.0580860032389		0.896213917167	0.178784810887	0.568699479159	0.637291585353		0.70826614407	0.647511811772	0.676797383584	0.75075299423	0.310186377035	1.19007335616	0.631035613514	0.235344955703	1.67143110677						0.889163149259						1.42893932624	1.08482912111	0.249321229657	0.672692447303	0.532600059908	0.797206738575	0.307951532525		0.676165861004	0.800814639344	0.397134149265	0.377276457835	1.1180310375	0.0544767242716	0.561049863431	0.26317394936	0.495279530509	0.0766195459671	0.0214492366616	0.926904405532	0.284081495541							0.7213119922		1.13158532679	0.641819916235	1.14025044956	0.78210788185			0.653818291398	0.0541005397036	0.412193236978	0.406990744463				0.478980882651		0.583611429942	0.400205378716	0.326690322861	0.22883127273	0.999469221914	0.547040462844	0.487902837734	Severe-COVID-19
Non-severe-COVID-19.XG6	0.0710045288892		0.195629929556	0.0685282087255	0.704504981349	1.34143078427	0.734266943261	0.00794799067858	0.0557024572059	1.17951143273	0.469682066776	0.245501767234		0.0619546853289	1.60172785653	0.42639775621	0.234582875426	0.0546586314861	0.0156497211411		0.754734138962	0.266291198948	0.209258833932	0.482851040807		0.692467477158	0.41339374947	0.0789095766089	0.671419265199	0.985256446276	0.117172644349			0.0257386418563	0.0567372815268		2.05673313014	0.0106144116172			0.233743883495	0.948689113322		0.40021179997	0.378634392595	0.336331521902	0.657534309126			1.19665026308	0.30354415899				0.448836246935	0.418001385359		0.226908687313	0.0490441891109	0.198411073357	1.29725087013	0.3696227435	0.791853561702	0.320962352149	0.126989898254		0.00817428284876	0.319667706315	0.793004256094	0.3622893938			0.494188540666	0.491368536303	0.00391602819029	0.27567689641	0.122123014084	0.257652005307	0.00558878901307		0.612794924026	0.0828876135939	0.107612859551	0.184920091283		0.766905359483	0.00526701615992	0.226918405077	0.100842478863	0.179088695868		0.788799915397	0.138332351203	0.337561772967	0.243509160984	0.132846584903	0.164417032931	0.9106337538	0.0971229829759	0.0813415950782	0.39180806153	0.519761929954	0.346953375838	1.17164180323						0.781094551657	0.139177263646	0.563839423389	1.11491520424	0.410835903563				0.912203621148	0.247568847627	0.243606535033	0.0434511083765	0.0832679902072	0.572759989326	0.987921457839				0.286176126623	0.678206681051	0.405321255218	0.400004758476	0.430529782546	0.441853855538	0.0269143784737	0.155215915948	0.113519557232	0.101974096422	0.311830863258		1.25309977353	0.877305859401	1.17099879044												0.399487938334		1.50817877544	0.339123472649	0.0986737494135	0.345877183498	0.153308515747	0.147105822815	0.631587848658	0.239919765253	0.177728238092	0.136174099424	0.00457944389431	0.14633806333	0.00803387560648						1.18153301122	1.59345627466	0.636436039205			0.626866115626			0.041929682589	3.12695779388	0.218933140749	0.697888624866	0.139382459296		0.197380994253		0.242179413521	0.426504185085	0.264681914601	0.511884070267	0.441129577261	0.169734414799	0.151708529471	1.30842019352	0.331328729936			Non-severe-COVID-19
Severe-COVID-19.XG29	0.484135912565		2.63759204535	0.528544118374	0.12983757773	0.250127792293	0.163585302301	0.0453827607616	0.680241674382	0.544373223284	0.0944658637258	2.09227591425		0.102449001899	0.275984601311	0.129186508999	1.58284229412	0.870351983272	0.244134641659		0.185524540142	0.108490460825	0.529496058189	0.702035361266		0.124933234478	0.242014847528	0.515200515118	0.603815374726	0.151852920683	0.165803028117			0.191595413261	0.732180859734		0.550452616945	0.13441894145			0.498393104336	0.187490563547		0.0898578546738	0.118852223497	0.760706836334	0.153646075403			0.25617852357	0.687770673144				0.809616263637	2.25104642953		0.174977388123	0.457823348718	0.0794006977497	0.385573832604	0.782955669259	0.193639104315	0.544315036887	0.0348752172828		0.0587828497813	0.834730315986	0.435260248996	1.70735570048			0.844853172399	1.00312933979	0.0032782667423	0.597460104486	0.0305129752401	0.0415580302718	0.00309070767889		1.32447838216	0.458609219347	1.13206071978	0.860615154722		1.20535986426	0.00423460713183	0.31304215944	0.942239377112	0.196916006445		0.945949231546	0.350184915503	0.330638335041	0.555367010325	0.219185829245	1.51505463532	1.21153392747	0.0359225905299	0.323578351369	0.174198053104	0.710453685837	0.761656213528	0.22529774456						1.23576423929	0.57920956608	0.0966525300212	1.5243577385	0.0567302019255				0.469632818339	0.563881841719	0.588260283728	0.0321282106953	0.605346693601	0.0545253013117	1.37783586872				0.457125532671	1.04545892631	0.62820089203	0.119439635095	0.692834750635	0.630048657069	0.108900034227	0.383138059642	0.0243760084924	0.671411189366	0.251556652176	0.178710553648	2.35933447037	1.14189750679	0.442330981628			0.404062349889									0.754585960352		0.227657951811	0.678931611266	0.0451876285763	0.108837287181	1.29046209793	0.809952370022	0.943948987509	2.30660293352	0.692366365619	2.99539951774	0.0158290550251	0.0321828143851	0.0159119735385						1.71999325827	10.120344851	0.285630809245			0.3139272094			0.341897077715	1.10610778696	0.466861668298	0.28004993088	3.21385609552		0.195660047357		0.380604599597	0.612882856486	0.389457452002	0.487626547827	0.224864382506	0.180136692461	1.46190345922	0.803869867908	0.819239571928			Severe-COVID-19
Non-severe-COVID-19.XG20	0.0577338653161	0.0517350367483	0.109490642406	0.0349997597178	1.26339949261	1.06627797731	2.0880241869	0.0189611288942	0.0885134124652	0.919014572484	0.190338830704	0.0385985574994	0.281655093955	0.0971056412806		0.630349616188			0.0277463224713			0.501359828108	0.736407883281	0.209490982616	0.0149575904276	0.765959416833	0.838425959036	0.102429480339		3.15820026674	0.433854777025	0.0782309602991	0.0378212907025		0.0591603680563	0.0495650913137	1.20741596784	0.140944120951			0.379618142501		0.40064855296	0.960343057886	0.501222620939	0.446832754435	1.66682452599	1.29998533149	0.214556734034	1.42995071247				0.151423969873	0.792767704269		0.782634119825	0.965128502709	0.085458038832	2.14233233896	0.490497238945	0.24870363168	1.45649754494	0.493298542226	0.139976956367	1.03498830227		0.11984329319			0.22022966766	0.168130192933	0.738454922216	0.493109494415	0.0161658212289	0.16228118348	0.458897012851	2.08776573025		0.0298611541345	0.0638678062927	0.13912468912	0.2988239688	0.543605451043	0.469807210498		0.00735115806209	0.382953517582	0.225663762095	0.857221943405	0.660367281726	1.62912366712	0.57750122825	0.84142473474	0.503205173845	0.312947267132	0.384145296229	0.374166216181	0.129251518225	0.0296203447362	0.621497952495	0.568434027281	0.330782712901	0.133923040785									0.448671826784	1.75831527971	0.328542629503	0.292774274728	0.236831871359	1.72385029972	0.609441930816	0.47058669151	0.0753425699765	0.464144804613	0.427973036836			0.643892132918	0.374099803696	0.515897812414		0.521749794407	0.765499937984	0.737673596513	0.679753220776	0.052308246105	0.41142565299	0.0701079048681	0.172295019544													0.72293346845	0.243878702786	0.282158703151	0.486990226162	0.412437093549		0.488118627961	0.214928500405	0.341807178017	3.25916991243	0.817949779593	0.637642660094	0.75668551332	0.563356846401	0.52481928826	0.136347548165	0.0179837981309	0.240039250964	0.00786803337328	0.960940323811	0.181334870857			0.190629572076					0.489385503834	0.731085786963	0.546822319896	0.32982124656	0.0442405192713		0.383396565474			0.567151055826		0.245493779104	1.05664730979	0.14326559803	0.398529614041	0.642127481279	0.90092578368	0.891295330556	0.993258905059	0.47809336395	0.156977060767	0.32845376325	0.588718024271	Non-severe-COVID-19
Non-severe-COVID-19.XG17	0.0843430602449	0.0466139911601	0.0771985339497	0.0201292995225	1.2644141193	2.34247665229	2.09029855461	0.00243135523558	0.028282918022	1.47589163326	2.28425316393		0.327165685984		1.31822246384	0.761038857341	0.540227061219	0.100466160613	0.0612068353561	1.28428592025	2.86251736888	0.394765215275	0.441849030438	0.367928137233	0.00608421072707	1.07640671554	1.2566085659	0.0928524059591		1.82138701866	0.0488695220625	0.107696270019	0.0368609997125	0.097181077471	0.0386186406685	0.0794578924866	1.10017321454	0.0619062337659	0.788873438159		0.588177947229	1.17997883384	1.25406070928	1.11595506668	0.763977179228	0.202083274611	1.41928039632	0.683808328575	0.0691123214421			1.81926656514	0.0392973125839	0.147183475859	0.611147569904	0.0738785931635	0.626764452506	0.561529831713	0.109963930544	5.21166930414	2.24083810176	0.608121468408	1.48415364649	0.440687434374	0.0554389524756	0.602010921389	0.0091466455545	0.27441781812			0.118910288402	0.114963853028	0.717792030793	0.312287355014	0.0205587638975	0.463818711935	0.36909630386	1.08153004147	0.0233995935665	0.0567440157994		0.122955249926	0.509908775562	0.576259513149			0.0103031957923	0.349135785496	0.20450320775	0.409446183238	0.500014316238	0.651326456175	0.318488367686	0.699058543188	0.321638443985	0.278683932935	0.0444395288008	0.061654518877	0.157151770786	0.0233350460492	0.48372022292	0.682067603554		2.78638301577					0.687794942602			1.7158618472	0.126151612103	0.487449181254	0.434394596959	0.0193139007893	0.552565299294	1.97762749817	0.177120835498	0.416883983419	0.15912834957	0.117270839744	0.843755248988	0.361625484493	0.50845020041			0.55232947328		0.559562877915	3.14744922391	0.414304998877	0.51997770133	0.0719152562298	0.34740738066	0.220766400537	0.494449557466	0.0565066961004			0.828560082636		0.354440364838			1.47493841297	1.31713010591	0.272878604883	0.712274226953	1.15666201109	0.298587079239	0.0930874866626	0.222030399745		1.11524099799	0.968763216406	0.424782671046	0.482363136325	0.861949354425	0.805034712388	0.61272194699	0.85466210914	0.451890117836	0.504570067079	0.538829535811	0.00332420576726	0.306820774482	0.00373325165269	2.20028300985	0.212827361134		0.227996726682							0.374369236878	0.578568255788	0.36460876677	0.10007409502		0.566490488348	0.981706245001		0.251318111504	0.450592496518	0.60063602121			0.200768071272	1.07863761874	0.657632150686	1.02952744401	0.785215842243	0.504181617249	0.419226311065	0.643010688936	0.16161363321	Non-severe-COVID-19
Non-severe-COVID-19.XG24		0.143814200103	0.0566321501247	0.0589941226374	5.37446782818	1.65145875634	4.90353820957	0.024960364751	0.117569873325	1.87043741401	0.925151372217	0.17060960675		0.0740876522697	5.52348932018	3.19232359717		0.0156859167923	0.0685093580858	1.05726135138	1.82844559301	0.733390419201	0.236505887587	0.232685637492	0.0882389291332	1.43415573639		0.095324594893	0.644717776909	5.64464478888	0.0483309706798	0.132165926144	0.0173549923125	0.123761433375	0.0317913209538	0.143552520455	5.62509179009	0.169380916832				0.712594249859	0.655293148281	0.995995557228	1.14752204716	0.163071456209	0.641533847942	0.677033492234		2.63759581695		1.18758474878	0.0868085374009	0.135807087493		0.209703192913	0.388200223574	0.451160317255	0.306738279759	5.52508120497	0.3538147012		1.41196591861	0.426637348294	0.289838964266	0.594229378264	0.077799574704					0.29431475309		0.268223186102	0.0700845845486	0.224092152885	1.18672440914	0.134031890001	0.0153779134162	0.0787455568396					0.419351988332		0.0371453527859	0.332861318695		0.337651080293	1.13435800352		0.0878111757688	0.361618014763	0.20258814442	0.210269515963	0.143557866288	0.00475421174567	0.217153227049	0.0282699724704	0.711094678646		0.188841743832		0.892439288397			6.98321118556	0.235928222351	0.193131805551	0.13579133331	0.697779594656	0.427554532769	1.94887747961	0.545129868432	0.0810051623286	0.301364032214	0.272624923899	0.558972963231	0.196605433311	0.252826547497	0.0135532950271	0.43623657843		0.448419512871	0.143519577643	0.488324661493	0.312186050106		0.386297391679	1.94534964046	0.689978626936	0.399044965865	0.0601951918361	0.361631963357	1.56458951248	0.0592038123659	0.0970473225748						0.287551843331						0.568388029385	0.328435107177	0.0778702692503	0.384260346316	0.24355551838	1.21447091807	0.531366548468		0.899218176738	2.15648851861	0.399090752598	0.377530833455	0.649694140246	0.0683674996893	0.56538638033	0.264065366259	0.111207125295	0.26975853799	0.0157264569198	3.03926249394	0.177387232677							0.502733127255	0.00759009878779	1.27740164764	0.378088436998	0.303677274008	0.446219640845			1.85200785364	0.0612949641789	0.261067633248	0.500231493878				0.138272520683		0.763867425396	0.508837340247	0.389770623681	0.43396367272	0.289729512739	0.748206351208	0.274142772371	Non-severe-COVID-19
Non-severe-COVID-19.XG10	0.102694251629	0.0349341492417	0.281455877376	0.201226810096	0.957822714635	1.74556261655	0.753542066407	0.0464972141775	0.189511078681		0.495785179343		0.309703401026	0.0803175351766	1.0178130376	0.804133007231	0.849907758636		0.214462023923	0.911048971085	1.04777318207	0.355550165053	0.495181125652	0.565298407981	0.27017080294	0.321818438862	0.849095339324		1.02754448907	1.05465125123	0.218837120282	0.251016883394	0.0967652099205	0.062193508586		0.101062936938	0.706469491938	0.131567576867	0.862253859362	0.286472201335	0.171930558819	1.52759462086	0.671491000815	0.505760732599	0.347709577931	0.398701664903	0.88157900745		0.111923454274	0.578011197699	0.591727568565	0.79237783412	0.0954481076221		0.527045817335	1.4283025397	0.426492762657	0.707911486468	0.0598851764964	7.67341059288	0.815159706449	0.3889547637	0.275923114371	0.604746531694	0.111580511593	0.27605426371	0.0115722006604	0.265903086062		1.033766868	0.400161359526	0.30679504839	0.792436560649	0.0706365463039	0.0160461389427	0.355110741937	0.274363597174	0.138058076376	0.0208682987921	0.247557009847	0.231368226638		0.424306025103	0.681924686562		0.537351547195	0.00661887542079	0.345144828625		1.00977777073		0.425340429759	0.285285568926	0.201478188979	0.44424602202	0.260834195292	0.156645998613	0.0835844566365	0.229616028914			0.332663456881	0.235090698937	0.617146477082	0.722790346511	0.407328937776	0.921973873259					0.243773116622	0.224392292293	0.339792906025	0.481797900535	0.105393716389	0.0839585452123	0.871016348696	0.543995974962	0.224000736245	0.300450616985	0.0393013217564	0.381445658519		0.243892818733	0.155923456119	0.228153702483	0.400432075771	0.890958311306	0.707498830784	0.757723754451	0.455583406023	0.605356125426	0.0877371525445	0.332133528281	0.11018618734	0.401330386964	0.0358607974264	0.435849382859						0.558377311826					0.654687808908	0.119046145677	0.0416135525569	0.383550890759	0.309988875799		0.32901324787			0.669794761886	0.709874759849	1.04296768309	0.856089822776	0.703511862151	0.518347441671	0.454171353471	0.0213555451978	0.086138707549	0.00467618786352	1.25319570844	0.0734543168615	0.689476629847	0.0459401264783	0.294424307314	1.18723758789	1.60540619446	0.434284712718	0.719500194987	0.0180944294986	0.516771989696	0.612428350801	0.247833208716	0.0376771080922	3.47096025168		1.34052326194	0.0794524563	0.120481124503		0.164597328749	0.49535196577	0.109929385154				1.13728194363	0.586986634972	0.313226798996	0.0818330496365	0.227781198308	0.271060830271	Non-severe-COVID-19
Severe-COVID-19.XG27	0.544660146092	1.19863162378	2.57066350137	1.02720999932	0.757596063657	1.7221038418	1.10056399236	0.228318834534	1.22023830991		0.128879740309			0.136420378784	1.41690556699	0.689215453474	1.64060442162	1.9559587934	2.46297754205	0.871485665189	0.80006772243	0.407691099882	0.807683046721	0.556046594486	0.486679012279	0.780206499129		0.222422805561		0.536613893585	1.52506259595	1.54363045263		0.578744584078		0.389891769243	0.417981901076	0.430101933547	0.619448657451	3.27749234548	0.801477509476	1.44797842302	0.53615009075	0.84684879387	0.275928521813	0.845322671019	1.44066397458			1.6034706839	1.55529807724	1.14265899886	0.525083427047	0.357128300996				0.208044828647	0.878802287141	1.71939498333	0.670803009782	1.05013443767	0.766471751739	0.897498699515	0.081330798021	2.32499125964	0.440850106146	0.903491890968	0.74406020391	2.40638618352		0.831390255261		1.68026496427	0.0227053736012	1.48244161633	0.118402347099	0.11867217733		0.334806603988	1.59403344964		1.22466529233	0.829365016828	0.882853216479		0.00553161531349	0.403434926683	1.11866626673	0.20651372234	3.44866393154	0.802154736718	0.90558735755	0.315603267615	1.49632262635	0.294809889508	0.649843546683	0.190215143513	0.172443595095	5.1584899511	0.659701772798		1.36881196539	0.129414258092		0.991899407312	1.17705717009	21.3912019131	0.675553296642	1.29099079374	1.18988840326	0.090787392048	0.737847583035	0.118502827437	1.23783719531	0.218803711311	1.03109605585	0.669258690222	1.28143060961	0.968548705701	0.0412599522914	0.119221982903	2.00091074898	2.20401180216	1.52708659243	0.806587536776	0.717215424807	1.40459485602	1.2485263474	1.26910864574	2.19249539299	0.891163769114	0.782892339418	1.13932587291	0.744723632238	0.234979907435	0.880227182751	1.03930509727		2.56806253666		0.702662992711	2.0051577611	0.931801588377	0.438461971516	0.35478673853	1.1739574968	0.397754484564	0.509523965452	1.62327975985	0.377491296331	0.160482721109	0.990866284508				1.3921814163		0.236012097682	0.85217955436	1.90319747354	1.53079880086	0.870666558482	1.28656411513	3.21961930555	0.0824772667444	1.82907482786	0.0124977768075	1.47134102559	0.334321545431	1.52214008441	0.77761064453	0.646154468841				1.14662352528	0.0638412229714	0.495603130643	0.491353837079	0.614216037662		1.14375759216		1.46050201537	0.224992115739	0.360307335095	0.116841909716	1.4559971879	0.75647738581	0.24217483495	0.288270064935	0.860604768724	0.753448601946	0.248248537199	1.18460107625	0.403576117863	0.375650203156		0.548271025238	Severe-COVID-19
Severe-COVID-19.XG35		0.230515491311	1.62089185258	0.140952703594	0.209251871967	0.268989469366	0.0559533572513	0.0540255814309	0.11099118274	0.375227279069	0.0808363746866	0.215117806182	0.618173446998	0.162554113186	0.446529861983	0.148977171524	1.02491367212	0.450572148527	0.150491327836	0.146134576418	0.25086363248	0.176621547244	0.479567602015	0.572469980653	0.227961253941	0.222718787515	0.475898491509	1.1129482982	0.459260809499	0.04881264838	0.651160846768	0.248732663614	0.312931785896	0.127297538237	0.30024298644	0.404785223495	0.0521795902663	0.303546003107		0.168539947854	0.350871737323	0.111913346467	0.0853998074246	0.13447030357	0.21055946889	0.27099591483	0.564330120374			0.34535761823		0.53574536211	0.156857590079	0.139784963854	0.757133901078	1.14370882267		0.112517028623	0.23619924791	0.493722665535		0.463792605085	0.0583258951176	0.257501665712	0.0278371963989		0.00869544356806	0.302759023493	0.312172687942	1.73896420432		0.184143065722	2.39077398175	0.295246686292	0.0141479196914	0.37175246801	0.197075663934	0.0431456214292	0.00279503308708	0.0230324448698	0.323199538474		0.586049355049	0.625262511843		2.40234696991	0.00195967593302	0.288149088324	0.496479295763		1.47856738675		0.529479993764	0.514328233309	0.0379997402302	0.335906080125	0.088171499901	0.0812425524277	0.0209224020065			0.478674135317		0.177047197909	0.49442744888	0.918657107686	1.26022068673	14.375213335		1.22597269407	0.501999514734	0.0205133832347	0.719824732677	0.0261075447924	0.562897687762			0.857764057391	0.395372194197	0.138380316448	0.26085687862	0.0148076696674	0.0701159909995	1.05659192871	0.683982337432	0.172249599101	0.190809266246	0.155837431103	0.703876978541	0.667206656323	0.124561660158	0.601764330454	0.202503916721	0.0395081063668	0.294457925782	0.0165454373082	0.408805808561		0.263471036657	3.66817241768	1.27600870813									0.587653427965	0.355184324744	0.131280863565	0.399606635844	1.17066421534		0.155280643871			0.160977720649	0.61010027444	1.02934817617	0.511865597775	0.066900085555	0.586626705421	0.458871917562	0.0572952591142	0.0714667476795	0.0239211420423	0.285726695941		0.697791356123		0.0989117603788	2.02743242637	8.6615405832	0.371910774976	0.786655587388			0.609576783136	0.13716675943	0.189280751762	1.04783295118	4.06149743971		3.65402505896		0.308150750858	1.03348359364	0.376554402005	0.187647457931		0.406647174983	0.412738520927	0.160049295545	0.503393747415	0.181743035624	0.454203642203	0.133620814224		Severe-COVID-19
Non-severe-COVID-19.XG18	0.218554414941	0.14939365496	0.489176617924	0.0847561553282	1.68439048112	3.57854561913	3.47779887452	0.00594059494545	0.0856017088432	1.81592982873	2.42284365928	0.378567717456	0.513930159232		1.58362747881	1.1463687681	0.74198640736	0.188475289017	0.208857264549	1.59957848664	3.85006932307	0.380190254771	0.665048550637	0.507444108592	0.121758973004	1.15156641923	1.55142150809	0.148758815514		2.22171259206	0.223306780957	0.113334671124	0.116657707535	0.138577429271	0.0809652895459	0.267824341234	1.29923798645	0.252370681609	0.750550199619		0.555832957219	1.55603541613	2.15175782618	1.19865668825	1.20566975136	0.294715009665	1.4010975463	1.2259931303	0.174337055252			2.38679171682	0.151853529476	0.163488791514	0.52716976867	0.216423607819	0.62516111241	0.495065760513	0.181888536647	6.58388872274	3.05342925167	0.629956808213	1.75191521175	0.545529608048	0.0687829398603	0.620372897389	0.0115871675939	0.375110330311			0.120636022386	0.222649057192	0.68071374295	0.448152844494	0.0335212527231	0.636108719176	0.40918404877	1.25618155506	0.0478721958422	0.0666296262814		0.244066653225	0.634888505015	0.337464391685			0.0161116994807	0.303635418341	0.374308243585	1.97202624753	0.432684306527	0.321564394812	0.538957407437	0.552990139938	0.325357475277	0.443661589709	0.108318304958	0.0840413157784	0.144204842031	0.100704455995	0.599715042691	0.532248275006		3.42254134006					0.540962969598			2.09672648341	0.292014007549	0.589152914257	0.865481835943	0.0218472399609	0.526229287247	2.23230152536	0.142287994326	0.559169413321	0.136255080642	0.153990929645	0.890409048701	0.339134107969	0.803906292677			0.503269803489	0.222365726322	0.67736188921	4.02889752083	0.573566032285	0.648813995507	0.102060019511	0.510486943877	0.258993225412	0.266905634692	0.0541270816179			0.797205705623		0.22102377283			0.985770729977	1.28665998167	0.315122453779	0.675770704473	1.20601468942	0.165536296293	0.0868798136952	0.322384091623		1.325699451	1.49022732803	0.404056671345	0.627749644922	1.03442529351	1.04735632609	0.77336343871	0.928412883374	0.562646883919	0.594744828853	1.75338125752	0.00589190927352	0.315724591205	0.00426817282716	3.51067780706	0.168146491988		0.330335436865							0.520275141232	0.61371632538	0.314916427901	0.228845597172		0.51539325462	1.37819663089		0.23996164795	0.728324792077	0.41133582675			0.171719782896	0.622165535903	0.747389419908	1.4499217386	1.0244904009	0.728690127602	0.608769484623	0.884297463709	0.24674866376	Non-severe-COVID-19
Severe-COVID-19.XG31	0.242042766141		0.790259979001	1.16846167328	0.11036151664	0.213695759913	0.0821114214673	0.061853213634	0.189704242169	0.364024799151	0.113935676778	1.38078445868		0.292165408598	0.323922305117	0.208677009995	1.23176219525	0.310295738239	0.103017168571		0.288514869401	0.082400641842	0.586025117862	0.474961974237		0.162665943965	0.138134395489	0.261825872283	0.459779149786	0.117978899643	0.261231610542			0.185446157749	0.304761766268		0.408751831247	0.100133736862			0.346546680189	0.150574050438		0.140663664691	0.125336138911	0.911610865259	0.141208844052			0.32471682049	0.795754852051				0.814085569416	1.59039266805		0.0857106463085	0.250645315042	0.0844239545748	0.293237840167	0.675103571754	0.231577496709	0.579259686054	0.0224902407455		0.073227937685	0.902478145544	0.289195483883	1.63106484432			2.5632664816	1.09426073008	0.0040193780191	0.706012988059	0.0555385420279	0.0693504712475	0.00554575399814		1.05877941618	0.267824046049	1.10515230404	0.994031135488		4.55201935644	0.00404759876984	0.439022986433	0.345552477674	0.183600874788		2.44184109337	0.747564592825	0.25812204527	0.476800561697	0.668865120045	0.942905282339	0.625192967967	0.0407717349726	0.257751332509	0.102676389077	0.945857721483	0.537002427502	0.198982313084						1.04094623525	0.87271023989	0.0744249337916	1.72081136346	0.0471507717405				0.415747091678	0.508215220263	0.672738089555	0.0100861004293	1.41931359617	0.0839319655825	0.819557026593				1.97816400156	0.983392088726	0.631087168006	0.124937493904	0.763271023959	0.740541583821	0.0880553820794	0.424647509771	0.01655684026	1.10043784821	0.1489883268	0.120810541391		0.947355652697	0.370970175446			0.382356374632									4.61745251755		0.224098326059	0.451252914267	0.0555036083322	0.0668727829717	1.19801762673	0.777843079832	0.977896690808	0.894081095432	0.709261572548	0.839645727168	0.00830010565179	0.029706187897	0.0793226991313						1.85218161048	11.8689265421	0.272762663136			0.493968238375			0.140393139689	0.797699821674	2.08564208639	0.213197701097	1.12710221989		0.0479522752922		0.389874336617	0.266509758206	0.456899229535	0.10854689969	0.178429565114	0.0890778594444	1.43470968361	0.290796912854	0.78613851556			Severe-COVID-19
Non-severe-COVID-19.XG11	0.0803200958361	0.0153590380957	0.0330395777999	0.243140617569	1.07263060312	2.76764767644	1.27824959593	0.00479863517226	0.0224306954916		0.565631656699	0.0307539138154	0.055839747784	0.0890086569291	1.85635561065	1.29962942777	0.356084771225		0.0374389127626	1.09787205718	1.31617990614	0.505968682152	0.247306517319	0.308869307177	0.020046320004	0.405775625807	0.814777872554		0.590759439923	0.925610404424	0.0640555503565	0.128906998636	0.0265411556678	0.017537168227		0.0369040502197	0.777779434533	0.0323319783306	0.720835479065	0.0334426950153	0.0800266858991	1.90799747274	1.12023194909	1.21109517438	0.488091879627	0.220821706261	0.762341891983		0.0177627720871	0.674122956593	0.342201136365	0.987687544627	0.0171885591567		0.368090443671	0.165706698091	0.700182781078	0.376547728647	0.0227673236011	9.59377559192	0.829574477158	0.233199032266	0.260883795589	0.354265045004	0.144015877098	0.257909415654	0.00179218089093	0.15709644561		0.526702496886	0.294749606729	0.0916903827951	0.325404806396	0.0382052458458	0.0358329210446	0.259674257598	0.225399980739	0.138737141702	0.0373245095972	0.0589119029918	0.185154550662		0.22357451054	0.597440944882		0.282722732363	0.0109627678382	0.15807637668		0.860802233328		0.549755200322	0.0818408102355	0.367529138866	0.227456643877	0.206629888827	0.160971038981	0.0561875283104	0.13071158025			0.594184524459	0.0738199325216	0.755364390186	0.756228802637	0.57894224954	0.358202475566					0.186435824514	0.27951086091	0.38088007167	0.430720981843	0.0204886107721	0.0742554841645	1.03247338893	0.332924411635	0.161787101872	0.182496896572	0.0117270339741	0.585767081198		0.105587063052	0.147567754793	0.184647811297	0.216237179408	0.680466988253	0.591478308915	1.02375844865	0.301911445979	0.648610803322	0.0369201051032	0.191808037108	0.132434846093	0.341923903622	0.0271794330232	0.691580499257											0.451937623707	0.16507013891	0.0321749816753	0.281710792739	0.228983424054		0.411119155699			0.916277497493	0.28431549022	0.460349063261	0.579029193854	0.212460599008	0.325040777405	0.554638974035	0.00483768961561	0.0987617406143	0.0170848297606	1.85265274348	0.0995889298496	0.30595855245	0.0795124270169	0.145302221931	1.02599577792	0.771547410447	0.337928454248	0.386272211803		0.456629253142	0.386351753424	0.153499068205	0.0134605138528	3.46536586135		1.38889003024	0.0912015910825	0.0558658463826		0.144105046984	0.251663635876	0.133362753515				1.40978919038	0.229314529507	0.409371991631	0.0506436210348	0.395092252019	0.284527665235	Non-severe-COVID-19
