Peptide	t_pvalue	mannwhitney_pvalue	severe_valid_n	nonsevere_valid_n	severe_median	nonsevere_median
R.[304.207]FFGHGAED(S,207.144)LADQAANEWGR.S	0.03496225594440242	4.570592805886923e-05	8	10	0.548664889903	0.08233157804050001
R.[304.207]FFGHGAED(S,308.212)LADQAANEWGR.S	0.10756203985433534	7.505394502298527e-05	8	14	0.5713475223955	0.060660482485950004
R.[304.207]EANYIG(S,304.212)D(K,304.207)YFHAR.G	0.05870564776846602	0.00011565095557503897	10	15	2.095777676975	0.0771985339497
R.[304.207]LTG(R,-19.035)GAEDSLADQAAN(K,304.207).W	0.1228011241253242	0.00014487349296903165	10	15	0.8220040866039999	0.0685282087255
K.[304.207](T,-13.036)(C,57.021)VADESAEN(C,57.021)D(K,304.207).S	0.0027628080002545124	0.0002798342373779256	10	15	0.48487692063300003	1.68286149508
R.{290.173}[304.207]EGT(C,57.021)PEAPTDE(C,57.021)(K,304.207)PV(K,304.207).W	0.00017941861887356116	0.00034647686027562696	10	15	0.7120574276795	1.76707020586
R.[304.207](F,-13.032)(K,304.207)DLGEENF(K,304.207).A	0.0007705915097070393	0.00034647686027562696	10	15	0.534497485184	1.85598928463
R.[304.207](L,285.173)TGRGAEDSLADQAAN(K,304.207).W	0.13469342844741386	0.00034647686027562696	10	15	0.222154289704	0.0102030276436
R.[304.207]EANYIGSD(K,304.207)YFHAR.G	0.1742220962807801	0.0003963274785936291	10	14	0.5306258869265	0.0520385713586
S.[304.207]IL(R,-91.094)VAAEDW(K,304.207).K	6.583745760745799e-05	0.0003996003996003996	6	9	0.5038450850214999	1.31148336421
Q.[200.048]TALVELV(K,304.207).H	0.004621546139500186	0.0005265442896483656	10	15	0.1042007702519	0.519006358114
K.[304.207]RGPGGVWAAEAISDAR.E	0.08804058813845594	0.0006464124111182935	6	11	3.70491377777	0.0928783987397
R.[304.207]GYSIFSYA(T,-18.007)(K,304.207).R	0.030406396641063364	0.000666000666000666	5	10	0.618173446998	0.278215750768
K.[304.207]LVD(K,304.207)FLED(V,272.169)(K,304.207).K	0.014656734771068523	0.0007144558228149559	8	12	0.130077090124	0.070259505142
K.[304.207](P,238.418)(K,304.207)DTLMISR.T	0.0016099010052457714	0.0007511822006716851	9	14	0.828508848257	1.617641667685
K.[304.207](V,290.171)DNALQSGNSQESVTEQDS(K,304.207).D	0.002579031352492868	0.0007909681707475441	10	15	0.353967360502	0.941430904982
I.[304.207](C,51.132)LPS(K,304.207)DYAEVGR.V	0.0058337028474017725	0.0007938398031277289	8	11	1.1283379336850001	0.540227061219
R.[304.207]FFGHGAED(S,304.215)LADQAANEWG.R	0.020019172329161075	0.0008684126331185155	8	10	0.731426610133	0.08348836708355001
R.[304.207]FFGHGAED(S,304.212)LADQAANEWGR.S	0.010614599133311054	0.0011550762187070593	10	14	1.1893699654335002	0.05139024914485
K.[304.207](V,291.174)HTE(C,57.021)(C,57.021)HGDLLE(C,57.021)ADDR.A	0.0008515868517480173	0.0011609907120743034	7	13	0.700809058123	1.28428592025
K.[304.207]I(R,-47.107)ILQEENF(K,304.207).N	0.00037399866877863935	0.0011778305729911102	9	14	0.443584728881	2.046458940085
N.[186.070]E(C,57.021)FLQH(K,304.207)DDNPNLPR.L	0.006278022629086904	0.0014250625619923736	10	15	0.1920597006455	0.505968682152
K.[304.207]FEGIA(C,57.021)E(I,-18.005).S	0.01858852196667513	0.0014250625619923736	10	15	0.630487516889	0.344108002376
K.[304.207]DLLLPQPDLR.Y	0.021315437917413558	0.0014250625619923736	10	15	0.61185081513	0.270502571586
K.[304.207]ESDTSYV(S,-18.007).L	0.115355607062391	0.0016136598179941832	8	14	0.480487941486	0.0387881316141
K.[304.207]A(A,159.958)(C,57.021)LLP(K,304.207)LDELRDEG(K,304.207).A	0.07415530580014423	0.001724078858185798	10	15	0.2959031965925	1.06467532038
C.[304.207]E(P,30.675)NN(K,304.207)EGYYGYTGAFR.C	0.0013390940553829295	0.0018853695324283558	7	11	0.475898491509	0.849095339324
R.[304.207]SG(K,304.207)DPNHFRPAGLPE(K,304.207).Y	0.09377367113799967	0.001992081015671852	9	12	0.261825872283	0.09408850042605
C.[304.207](E,-18)SNSPFPVHPGTAE(C,57.021)(C,57.021)T(K,304.207).E	0.0005461859506701299	0.001998001998001998	5	9	0.466112438427	0.885320809805
K.[304.207](T,291.174)(C,57.021)VADESAEN(C,57.021)D(K,304.207).S	0.008305468612454523	0.002079854274644939	10	15	0.4015091388895	1.51768165416
R.[304.207]GDAV(C,57.021)TESG(W,31.997)RPLPS(C,57.021)EE(K,304.207).S	0.012027059557355849	0.002079854274644939	10	15	0.6011331981135	0.117172644349
R.{341.706}[304.207]FFGHGAEDSLADQAA.N	0.1421012236000829	0.0021703099102479907	8	14	0.7594447736934999	0.13053646239
R.[304.207]FFGHGAEDSLADQA(A,318.196)NEWGR.S	0.20452984665525803	0.00221141088014153	6	13	0.5682933334445	0.0378212907025
K.[304.207]DPNHFRPAGLPE(K,304.207).Y	0.03581156243637092	0.00265569904732449	9	13	0.191595413261	0.097181077471
R.[304.207]FFGHGAED(S,335.208)LADQAANEWGR.S	0.19680796388209848	0.002797202797202797	6	9	0.302502376354	0.0386186406685
R.[304.207]FFGHGAEDSLAD(Q,-71.026)AANEWGRS.G	0.08102144247465258	0.0028958313788035152	8	14	0.44022327909049996	0.13113818661749999
K.[304.207]AEFAEVS(K,282.164)LVT.D	0.010392548709902496	0.00300089677129487	10	15	0.429715066692	1.20741596784
R.[304.207]FFGHGAED(S,21.984)LADQAANEWGR.S	0.09861704981288015	0.00300089677129487	10	15	0.467051446068	0.126179597132
M.[304.207](C,-2.712)TAFHDNEETFL(K,304.207).K	0.0023421321545551285	0.003108003108003108	5	8	0.619448657451	0.8536364738095
K.[304.207]ESDTSYVSL(K,304.207).A	0.05309195476539138	0.003108003108003108	5	8	1.9403958586	0.06919060235970001
D.[304.207]EENLTQENQDR.G	0.0074841050713774235	0.003185187856377393	9	12	0.656329175954	0.2662097839665
K.[304.207](C,348.19)(C,57.021)AAADPHE(C,57.021)YA(K,304.207).V	0.0048187180050129775	0.0033980871444478484	9	14	0.48828516759	1.28824653547
E.[213.184]PERNE(C,57.021)FLQH(K,304.207).D	0.005254781483370846	0.0034055727554179564	7	13	0.47404310733	1.12023194909
R.[304.207]SYS(C,57.021)QVTH(E,11.673)GSTVE(K,304.207).T	0.0033119748399919333	0.00358920304256838	10	15	0.3954306333845	0.959091377419
K.[304.207](Q,-13.035)TALVELV(K,304.207).H	0.0051404901378411865	0.00358920304256838	10	15	0.25402346217399996	0.723122609543
K.[304.207]SDVVYTD(W,21.987)(K,304.207).K	0.014933861502364422	0.00358920304256838	10	15	0.8030147536765	0.294715009665
H.[304.207](T,3.95)E(C,57.021)(C,57.021)HGDLLE(C,57.021)ADDRADLA(K,304.207).Y	0.02860799130118336	0.00358920304256838	10	15	0.44561079734950004	0.884517098872
K.[304.207]YEELQQTAGR.H	0.0890813415346991	0.00404040404040404	4	8	4.940665205695	1.1076931131180001
A.[304.207]DQAANEWGR.S	0.15116508643458257	0.00404040404040404	4	8	1.3713807081525	0.0937849849049
K.[304.207](Q,291.175)N(C,57.021)ELFEQLGEY(K,304.207).F	0.0061414164097795985	0.004085851125205444	9	13	0.419553606978	1.42995071247
K.{17.027}[304.207]SDVVYTDW(K,304.207).K	0.011693730679784645	0.004662004662004662	6	7	0.9850754379485	0.412092394562
R.{290.175}[304.207]NE(C,57.021)FLQH(K,304.207)DDNPNLPR.L	0.0018959504184411626	0.004669762641898865	7	13	0.758975167592	1.60349860885
K.[304.207]RQDNEILIF(W,31.999)S(K,304.207).D	0.6729749332867655	0.004740357681534152	6	12	0.344842466483	0.071174716896
R.[304.207]SYS(C,57.021)QVTHEG(S,172.063)TVE(K,304.207).T	0.011315882760674563	0.004745254745254745	6	10	0.3619417953195	0.125379990179
K.[304.207]GVAG(G,30.017)SVAVL(C,57.021)PYNR.K	0.005868780703956437	0.004795204795204795	6	9	0.785984759709	0.461278634111
R.[304.207]SG(K,304.207)DPNHFRPA.G	0.04923309227607492	0.004848093083387201	6	11	1.36705074536	0.216423607819
K.[304.207]YAGSQVASTSE(V,178.477)L(K,304.207).Y	0.02932447016149591	0.005594405594405594	4	9	0.954017635374	0.62516111241
R.[216.121]ETYGEMAD(C,57.021)(C,57.021)A(K,304.207).Q	0.002079574476370445	0.006036981097798617	10	15	0.2607997258275	0.587156224282
R.[304.207]GPGGAWAAEVISNAR.E	0.026394289392019002	0.006036981097798617	10	15	0.4521824183245	0.109963930544
K.[304.207](Y,291.174)I(C,57.021)ENQDSISS(K,304.207).L	0.0003987029723312341	0.006139388143840499	9	14	0.780105798866	5.2244732123799995
K.{311.984}[304.207]YI(C,57.021)ENQDSI.S	0.0041080534878547995	0.0061832816265112315	9	13	0.385573832604	1.10213627494
R.{17.033}[304.207]LYGSEAFATDFQDSAAA(K,304.207).K	0.027429125815844314	0.006217669063580896	9	12	0.740048501058	0.37928875360000003
K.[304.207](Y,116.074)LYETTLE(K,304.207).C	0.0009115322824011693	0.007138867747109106	10	15	0.3008477265265	1.22843204534
R.[304.207]YVGGQE(H,37.949)FAHLLILR.D	0.007563010286191402	0.007138867747109106	10	15	0.8113086907905	0.440687434374
K.[304.207](Q,291.172)TALVELV(K,304.207).H	0.166519951202986	0.007138867747109106	10	15	0.04613492468905	0.144015877098
R.[304.207]F(K,304.207)DLGEENF(K,304.207)ALAVARLSQR.F	0.007238101267208447	0.007184250218305946	7	12	1.93967092483	0.7700406259279999
R.{60.067}[304.207]GAEDSLADQAAN(K,304.207).W	0.2409299330351258	0.007422959069719366	9	14	0.073227937685	0.01035942310745
K.{342.182}[304.207]SDVVYTDW(K,304.207).K	0.04449299392223393	0.007698627281707499	9	12	0.834730315986	0.27016045209100004
R.[304.207]DASGVTFTWT(P,19.036)SSG(K,304.207)SAVQ.G	0.016003393264084023	0.007936507936507936	5	5	0.435260248996	0.862154811748
K.[304.207]VTSIQDWV(Q,11.807)(K,304.207).T	0.005342185681321625	0.007992007992007992	6	8	1.7231599524	0.829732573542
R.{121.109}[304.207]FFGHGAEDSLADQAAN.E	0.27752099031017025	0.00808080808080808	4	8	0.7014214024950001	0.170432845023
R.[304.207]FFGHGAEDSLADQAANE(W,29.983)GR.S	0.04005997249650382	0.008124589548738155	8	14	0.8794441170355	0.19051723801999998
R.[304.207]WRDSLEFR.-	0.03327184568133599	0.008295625942684766	7	11	1.507362917	0.68071374295
R.[304.207]TEHYEEQIEAF(K,304.207).S	0.015156815322456852	0.008418044065352098	10	15	0.7992836748085	0.312287355014
K.[304.207]L(K,331.18)E(C,57.021)(C,57.021)E(K,304.207)PLLE(K,304.207).S	0.017257577364845143	0.008418044065352098	10	15	0.0145429756283	0.0253604215636
K.[304.207]SDVVYTD(W,43.971)(K,304.207).K	0.02068563216604991	0.008418044065352098	10	15	0.6869087378865	0.286458897452
Q.[200.083]EPERNE(C,57.021)FLQH(K,304.207).D	0.040531906834514825	0.008418044065352098	10	15	0.121975353463	0.36909630386
K.[304.207]ADD(K,304.207)ET(C,57.021)FAEEG(K,304.207)(K,304.207)LVAASQA.A	0.13643617775401323	0.008418044065352098	10	15	0.07480804589555	0.254208908331
R.{26.958}[304.207]F(K,304.207)DLGEENF(K,304.207).A	0.09800499871428853	0.00846233230134159	7	13	0.00569598053375	0.0182435247615
R.{59.319}[304.207]GAEDSLADQAAN(K,304.207).W	0.218139849120725	0.00846233230134159	7	13	0.334806603988	0.0589119029918
R.[304.207]YVGGQEHFA(H,-31.496).L	0.029345740031866546	0.008547008547008548	8	10	0.7654583894295	0.21564987643349998
R.[304.207]FFGHGAEDSLADQAA(N,189.135)EWGR.S	0.14734625922818506	0.008658008658008658	5	6	0.458609219347	0.131039969523
K.[304.207]DIA(P,52.918)TLTLYVG(K,304.207).K	0.062086704843523036	0.009488247828076448	9	12	0.847212077281	0.3958543071175
K.[304.207]LELSV(D,-18.007)GA(K,304.207).Q	0.10119767355160535	0.009488247828076448	9	12	0.855621638131	0.5611348832580001
R.[304.207]LGSSEVEQVQLVVDGV(K,304.207).L	0.06694356356757443	0.009523809523809525	4	6	1.3714433767645	0.444579599415
K.[304.207]IEFISTMEGY(K,304.207).Y	0.14453121929987658	0.009523809523809525	4	6	1.803853417085	0.8006975059054999
D.[304.207](K,203.075)SLHTLFGD(K,304.207).L	0.024365095747005922	0.009898474318934845	10	15	0.004818026339605	0.0109627678382
K.[304.207]TNLESI(L,-18.008)S.Y	0.14687241507962126	0.009898474318934845	10	15	0.43519339124699996	0.264925608047
E.[187.057]ANYIGSD(K,304.207).Y	0.0674723283054469	0.011106540518305223	8	9	1.030452821921	0.251315516879
D.[304.207](K,343.097)ET(C,57.021)FAEEG(K,304.207)(K,304.207).L	0.028053376187374128	0.011162627307409733	9	13	0.266194207594	0.664273761712
K.[304.207]SLHTLFGD(K,175.073).L	0.014447064270909183	0.01137506284565108	7	11	2.67668867646	0.668791697033
R.[304.207]L(K,214.002)(C,57.021)ASLQ(K,304.207).F	0.03128779849240973	0.011538461538461539	7	9	1.1470524121	0.56969255159
R.[304.207]GYSIFSYA(T,44.951)(K,304.207).R	0.015479207623029227	0.011606559575880577	10	15	0.6731234051425	0.285285568926
R.[304.207]R(P,320.211)HETGGYMLE(C,57.021)V(C,57.021)LGNG(K,304.207).G	0.018743756426448727	0.011606559575880577	10	15	0.41243573468850003	0.667582626334
R.[304.207]NLAV(S,304.209)QVVH(K,304.207).A	0.020372184427649476	0.011606559575880577	10	15	0.7311075065629999	0.325357475277
K.[304.207]ESASLMVDR.I	0.02575104268455654	0.011606559575880577	10	15	0.4399679986225	0.260941482672
F.[304.207]SFLGEAFDGAR.D	0.055600486867364254	0.011606559575880577	10	15	0.636238619417	0.143557866288
K.[304.207]ALGHLDLSGNR(L,35.022)R.K	0.12449360060194077	0.011606559575880577	10	15	0.1772508685695	0.0601919284375
K.[304.207]AVMD(D,11.738)FAAFVE(K,304.207).C	0.18494281633499354	0.011606559575880577	10	15	0.10353352841175001	0.171293606211
R.[304.207]AL(K,304.207)YEVQGEVFT(K,304.207)PQLWP.-	0.06337874339275593	0.011655011655011656	8	10	0.5325198629445	0.0701681981995
G.[304.207]STYYAD(S,99.072)R.K	0.0791465218259783	0.011655011655011656	8	10	0.45253346123500005	0.6662963155705
K.[304.207]Q(C,57.021)QDLGAFTE.S	0.02360388486816057	0.011988011988011988	6	9	0.7088117595235	0.532248275006
C.[304.207](H,57.026)PNSPLDEENLTQENQDR.G	0.009559655315232467	0.012066365007541479	8	11	0.7849770874269999	0.330782712901
A.[304.207](H,-1.988)RF(K,304.207)DLGEENF(K,304.207).A	0.019859235475095147	0.012066365007541479	8	11	0.18801475549649999	0.817258392034
L.[224.122]EETLTHTIT(K,304.207).L	0.0003788161142736733	0.012121212121212121	3	8	0.530781523951	0.87272538147
P.[304.207]V(S,-19.409)DRVT(K,304.207)(C,57.021)(C,57.021)TESLVNR.R	0.007176830906257673	0.012121212121212121	4	7	0.8675792229545	0.522969058121
R.{296.068}[304.207]RHPDYSVVLLLR.L	0.012276765301464257	0.012121212121212121	4	7	1.21863892841	0.80414694348
K.{273.132}[304.207]LVD(K,304.207)FLEDV(K,304.207).K	0.017248554110294793	0.012121212121212121	4	7	15.887262711350001	6.11531554314
K.[304.207]TATPQQAQEVHE(K,304.207).L	0.023475839093653382	0.012121212121212121	4	7	1.143691382015	0.357071465841
K.[304.207]ENQLEVLE(V,319.205)SWLHGL(K,304.207).A	0.006344780793527932	0.012654012654012654	6	8	1.1893329480650001	0.558801697711
K.[304.207]ASSFLG(E,-18.006)(K,304.207).A	0.027673992771844354	0.012654012654012654	6	8	0.7259599029849999	0.29831066202400003
K.[304.207]T(C,57.021)VADESAEN(C,57.021)D(K,258.202)SLH.T	0.017555412476102195	0.012836764013844799	9	14	0.0966525300212	0.45413055434499994
K.[304.207]RPGDVWTLPDQ(C,57.021)HTVT(C,57.021)QPDGQTLL(K,304.207).S	0.01961988244204492	0.012836764013844799	9	14	0.895519314433	0.4381131797765
Q.[304.207]LGE(Y,-85.033)(K,304.207)FQNALLVR.Y	0.02422266889551283	0.012836764013844799	9	14	0.118502827437	0.4491425424085
R.[304.207]ILGGHLDA(K,251.14)GSFPWQA(K,304.207).M	0.14132565685271573	0.012846733589767645	8	14	0.9278754066304999	0.5327052152364999
K.[304.207]RGPGGAWAAEVIR(L,187.111)(K,304.207)(C,57.021)HGMI.M	0.02939555254499433	0.012979280781138367	7	12	0.267937555012	0.05388503376955
A.[304.207](K,304.207)(K,304.207)LINDYV(K,304.207).N	0.043261255112981456	0.012979280781138367	7	12	0.651085385333	0.4044091198115
C.[304.207](C,-16.044)AAADPHE(C,57.021)YA(K,304.207).V	0.0038967078451352154	0.013571254794631683	10	15	0.5186418037885	0.912203621148
R.[304.207](Y,13.981)VGGQEHFAHLLILR.D	0.02351890342838016	0.013571254794631683	10	15	0.7077061028995	0.393210105938
K.[304.207]SDVVYTD(W,-94.618)(K,304.207).K	0.028383552892970402	0.013571254794631683	10	15	0.664745043331	0.243606535033
R.[304.207]GF(C,57.021)W(C,57.021)VD(K,304.207).Y	0.035205798920012465	0.013571254794631683	10	15	0.046992687688849996	0.182496896572
R.[304.207]GYSIFSYAT(K,304.207).R	0.056746603860807175	0.013571254794631683	10	15	0.1417919771505	0.0248105392714
P.[304.207]E(R,121.979)NE(C,57.021)FLQH(K,304.207)DDNPNLPR.L	0.12677947464316394	0.013571254794631683	10	15	0.15545420881875	0.572759989326
K.{21.983}[304.207]EQLSLLDRFTEDA(K,304.207).R	0.034071880284398885	0.013986013986013986	6	7	1.090018554575	0.361625484493
R.[304.207](P,188.097)WNVASLIYET(K,304.207).G	0.021002876844260245	0.014473684210526316	7	13	0.896213917167	0.448419512871
K.[304.207]EVYI(K,304.207)(N,0.989)GD(K,304.207)(K,304.207).G	0.08291581514431635	0.014544279250161603	6	11	0.6529257842495	0.155923456119
K.[304.207]RGPGGA(W,16.001)AAEVISNAR.E	0.1617568855148876	0.014544279250161603	6	11	0.6429574519829999	0.228153702483
K.[304.207](K,304.207)LEN(C,57.021)NYAVELG(K,304.207).H	0.02258453285507414	0.01529691947696711	9	14	0.956424166789	0.3999178429525
K.{17.030}[304.207]DLLLPQPDLR.Y	0.014299534495729743	0.01554001554001554	8	10	1.014425507518	0.5482879075345
K.[304.207]ALFVSEE(E,37.951)(K,304.207)(K,304.207).L	0.012463048268045115	0.015824170195812896	10	15	0.6877364001965001	0.521749794407
K.[304.207]LVNEVTEFA(K,334.302)T(C,57.021).V	0.01579318489428346	0.015824170195812896	10	15	0.436802146416	1.22877615516
R.[304.207]YVGGQE(H,52.917)FAHLLILR.D	0.02011877390022719	0.015824170195812896	10	15	0.728052887297	0.455583406023
R.{37.944}[304.207]YVGGQEHFAHLLILR.D	0.05040716747108642	0.015824170195812896	10	15	0.7668226668239999	0.596230841549
R.[304.207]FFGHGAEDSLADQAANEWG.R	0.06213892891409795	0.015824170195812896	10	15	0.253989963466	0.0601951918361
R.[304.207]SDV(M,279.162)YTDW(K,304.207).K	0.0650858118395068	0.015824170195812896	10	15	0.674805685133	0.34740738066
K.[304.207](A,291.169)EFAEVS(K,304.207).L	0.09075942562491929	0.015824170195812896	10	15	0.06775112224140001	0.136357912735
R.[304.207]RFEQLELR.P	0.3450906551848276	0.015824170195812896	10	15	0.6491190674564999	0.341923903622
K.[304.207]ADD(K,304.207)ET(C,57.021)FA(E,11.011)EG(K,304.207)(K,304.207).L	0.06064229801560435	0.015860919266492024	8	12	0.742423959583	0.08046534915275
T.[304.207](K,294.137)GPSVFPLAP(C,57.021)SR.S	0.005923853905765128	0.015873015873015872	4	5	0.22109079515250002	0.52627486467
F.[304.207]FTVLQDVPVR.D	0.016012131649737492	0.015873015873015872	4	5	3.11811747717	1.40585587652
R.[304.207]YVGGQEHFA(H,-67.644)LLILR.D	0.022072089456258763	0.015873015873015872	4	5	1.1120630679449999	0.821599763702
D.[304.207]EMPSPTFLTQV(K,304.207).E	0.02619592992162767	0.015873015873015872	5	4	0.560878307695	1.25113932256
R.[304.207](L,172.089)TGRGAEDSLADQAAN(K,304.207).W	0.02946461090867126	0.015873015873015872	4	5	2.144745586695	0.230738776615
N.[304.207](M,-32.147)GYEYSER.G	0.02970656460211797	0.015873015873015872	4	5	0.9104823688179999	0.629385615408
K.[304.207](I,309.584)LDDLSPR.D	0.03517422990561805	0.015873015873015872	5	4	0.437057803007	0.6573809244545
R.[304.207]Y(K,304.207)VDYESQSTD(T,78.974)QNFSSES(K,304.207)R.E	0.03876337984691219	0.015873015873015872	4	5	0.500814470594	1.43839815487
C.[304.207](C,6.852)AAADPHE(C,57.021)YA(K,304.207).V	0.06347736154725638	0.015873015873015872	4	5	0.9082367121425	1.62285300313
R.[304.207]FSGSNSGNTATL(T,39.053)ISR.V	0.16259395273855382	0.015873015873015872	4	5	0.44236738656499996	0.304634729809
P.[304.207](R,44.027)LVRPEVDVM(C,57.021)TAFHDNEETFL(K,304.207).K	0.28824305383943244	0.015873015873015872	4	5	0.5259135333325	1.04391983096
K.[304.207]YVMLPVADQDQ(C,-33.98)IR.H	0.0286902167656167	0.015942708821965787	8	14	1.39308404636	0.728533951725
F.[204.093]P(K,304.207)AEFAEVS(K,304.207).L	0.10280013215573398	0.015942708821965787	8	14	0.36633781053750003	0.21605469692
K.[304.207](Y,263.204)TYETTLE(K,304.207).C	0.17350404742246414	0.015942708821965787	8	14	0.1633245447235	0.0871652455473
K.[304.207]RLEFVAAR.L	0.17748749432325758	0.015942708821965787	8	14	0.7688166572485	0.390728256288
K.[304.207]GETHEQVH(S,304.269)ILHF(K,304.207).D	0.20268707069328232	0.015984015984015984	6	10	0.76568779543	0.3816943480545
K.[304.207](K,304.207)QTALVELV(K,406.725)H(K,304.207).P	0.14647250604943884	0.016666666666666666	3	7	0.794729988466	1.31451712481
K.[304.207](A,291.17)LPAPIE(K,304.207).T	0.024309721275733758	0.01706755576724617	7	12	0.283290510923	0.4967132560135
R.[304.207]NLAV(S,319.228)QVVH(K,304.207).A	0.02815621625320664	0.01748251748251748	7	7	0.749170206853	0.424782671046
A.[230.095]SDLTWDNL(K,304.207).G	0.11911845481565879	0.017582417582417582	6	9	0.0964457779476	0.627749644922
L.[304.207](K,179.078)AVMDDFAAFVE(K,304.207).C	0.014262094909522086	0.01816301834787641	9	14	0.236012097682	0.7852689321299999
K.{52.911}[304.207]VTSIQDWVQ(K,304.207).T	0.021773347627199364	0.018399652861192658	10	15	1.148887543775	0.54208865727
R.[304.207]VGYVSG(W,13.983)GR.N	0.023477179547324763	0.018399652861192658	10	15	0.974580916469	0.61272194699
R.[304.207]DAQYAPG(Y,-19.013).D	0.02658744199027471	0.018399652861192658	10	15	0.9609228391585001	0.703576194213
K.[304.207]VT(S,304.214)IQDWVQ(K,304.207).T	0.04546817970948064	0.018399652861192658	10	15	0.772463238579	0.373963095303
K.[304.207]GSFP(W,31.989)QA(K,304.207).M	0.062193735724017575	0.018399652861192658	10	15	0.7315069946674999	0.518347441671
K.[304.207](V,167.516)SVNERVMPI(C,57.021)LPS(K,304.207)DYAEVGR.V	0.0643394390725367	0.018399652861192658	10	15	1.5733416251144998	0.538829535811
R.[304.207]FFGHGAEDSLADQAANEWGR.S	0.1845231510391435	0.018399652861192658	10	15	0.0967932702712	0.00878127166393
E.[304.207](P,24.926)ERNE(C,57.021)FLQH(K,304.207)DDNPNLPR.L	0.4941372997566863	0.018399652861192658	10	15	0.07404314682329999	0.240039250964
K.[304.207]SLHTLFGD(K,332.213)L(C,57.021)TVA.T	0.9394292443749673	0.018399652861192658	10	15	0.01562833294865	0.00786803337328
K.[304.207](Y,291.172)LGEEYV(K,304.207).A	0.0040682609813041636	0.018601651186790504	7	13	0.789897844407	1.85265274348
R.[304.207]DSNRPSGIPER.F	0.1750022069245626	0.018601651186790504	7	13	0.284081495541	0.177387232677
R.[304.207]LIQDAVTGLTV(N,0.984)GQITGD(K,304.207)R.G	0.028666910244777074	0.018648018648018648	5	8	1.17986191194	0.4826686563765
E.[304.207](K,339.8)NWGLSVYAD(K,304.207)PETT(K,304.207).E	0.07429093268120976	0.018648018648018648	5	8	0.563327700957	0.215071441419
R.[304.207]QDNEILIFWS(K,304.207).D	0.19135743914917222	0.018648018648018648	5	8	0.513713353864	0.10491166296660001
R.{17.031}[304.207]QLYGDTGVLGR.F	0.017424793264711417	0.01904761904761905	4	6	1.786087434375	1.157771782665
R.[304.207]ILGGHLD(A,203.141).K	0.02683750444683915	0.01904761904761905	4	6	9.3909427171	1.59943123456
R.{95.714}[304.207]DASGVTFTWTPSSG(K,304.207).S	0.041296695520881166	0.01904761904761905	4	6	0.2791967361905	0.5532048326275
K.{290.157}[304.207]SVIPSDGPSVA(C,57.021)V(K,304.207).K	0.012785473133308274	0.019314019314019312	5	10	1.001622358	0.613607955772
N.{234.793}[304.207]LVPVPITNATLDQITG(K,304.207).W	0.35083404558038767	0.019314019314019312	5	10	0.0638412229714	0.01770304912095
N.[304.207]NYVSWYQQ(L,-30.002)PGTAP(K,304.207).L	0.020610988602299526	0.019427125606456697	9	13	0.493968238375	0.731085786963
K.{36.489}[304.207]AVLTIDE(K,304.207).G	0.056520611353369	0.019651624605184975	8	14	0.641941105796	0.508384170496
N.{282.558}[304.207]ATLDQITG(K,304.207).W	0.17606463303283623	0.019651624605184975	8	14	0.60246827133	0.3092968509545
R.[304.207]FFGHGAED(S,175.162)LADQAANEWGRSG.K	0.18183181260066386	0.019651624605184975	8	14	0.29440604690100003	0.06479002205335
K.[304.207]YI(C,57.021)EN(Q,-66.226)DSISS(K,304.207).L	0.005441928644786249	0.01998001998001998	6	8	1.07697036907	3.4681630565150003
K.[304.207]RLYGSEAFATDFQDSAAA(K,304.207).K	0.09289850065609044	0.01998001998001998	6	8	1.413239788648	0.44939491004699994
C.[304.207](C,33.54)HGDLLE(C,57.021)ADDRADLA(K,304.207).Y	0.024300402935667747	0.020131777407319206	8	12	0.779189341978	1.3453018296099999
K.[304.207]RGPGGAWAAEV(I,290.196)TDAR.E	0.037118967265423776	0.020131777407319206	8	12	1.231573072195	0.1215714690855
R.[304.207](S,-10.705)GRDPNHFRPAGLPE(K,304.207).Y	0.18780261183432667	0.020200387847446672	6	11	0.3862502860365	0.251318111504
R.[304.207](S,100.022)AGWNIPIGLLY(C,57.021)DLPEPR.K	0.030533768215071273	0.02034876028684078	8	11	0.2519053991075	0.470651273277
K.[304.207]LVD(K,304.207)FLEDV(K,489.33).K	0.035254926238202415	0.02042483660130719	7	11	1.00785381407	0.245493779104
R.[304.207](K,304.207)(C,57.021)HT(C,57.021)QNGGTVILMDG(K,304.207).C	0.07866562442656337	0.020521961698432286	8	10	0.577051991935	0.250242703962
R.[304.207]DYVSQFE(G,67.953)SALG(K,304.207).Q	0.2611751299422465	0.020521961698432286	8	10	0.4118967573465	0.14775056797449998
F.[304.207](K,269.11)DLGEENF(K,304.207).A	0.5042638878661124	0.020521961698432286	8	10	0.467940056093	0.21190818093449998
R.[304.207]V(K,304.207)ENFD(K,304.207)AR.F	0.01671759311288748	0.02064993829699712	8	9	0.5268590711200001	0.861942111344
R.[304.207]NFPPSQDASGDLY(T,99.025)TSSQLTLPATQ(C,57.021)LAG(K,304.207).S	0.01922224664965188	0.02090618563467879	9	12	0.583611429942	1.00913057872
F.[304.207]L(Q,-7.737)H(K,304.207)DDNPNLPR.L	0.007505225499829085	0.021334844286149877	10	15	0.411394299447	1.02952744401
K.[304.207]VTSIQHWVQ(K,304.207).T	0.017074006641837093	0.021334844286149877	10	15	1.1831179070450002	0.512716173272
L.[238.201]NSRVATVSLPR.S	0.018199522892405114	0.021334844286149877	10	15	0.3812735105815	0.624672230642
K.[304.207]TY(M,15.017)LAFDVNDE(K,304.207).N	0.05408495009954622	0.021334844286149877	10	15	0.744071840041	0.331328729936
K.[304.207]LLDNWDSVT(S,290.175)TFS(K,304.207).L	0.025932225820346985	0.021966681409405865	6	13	0.22997861045899998	0.572439812723
-.(C,57.021)EGFV(C,57.021)AQTGR.-	0.05918781986173121	0.022108438517107247	7	12	0.477027931627	0.272601801321
