	Condition	R.[304.207]LTG(R,-19.035)GAEDSLADQAAN(K,304.207).W	R.{290.173}[304.207]EGT(C,57.021)PEAPTDE(C,57.021)(K,304.207)PV(K,304.207).W	R.[304.207]SG(K,304.207)DPNHFRPAGLPE(K,304.207).Y	R.[304.207]EANYIG(S,304.212)D(K,304.207)YFHAR.G	R.{290.175}[304.207]NE(C,57.021)FLQH(K,304.207)DDNPNLPR.L	R.[304.207](F,-13.032)(K,304.207)DLGEENF(K,304.207).A	R.[304.207](L,285.173)TGRGAEDSLADQAAN(K,304.207).W	K.[304.207](C,348.19)(C,57.021)AAADPHE(C,57.021)YA(K,304.207).V	K.[304.207](V,290.171)DNALQSGNSQESVTEQDS(K,304.207).D	Q.[200.048]TALVELV(K,304.207).H	K.[304.207]RGPGGVWAAEAISDAR.E	L.[224.122]EETLTHTIT(K,304.207).L	K.[304.207](Q,291.175)N(C,57.021)ELFEQLGEY(K,304.207).F	R.[304.207]SYS(C,57.021)QVTH(E,11.673)GSTVE(K,304.207).T	C.[304.207](C,6.852)AAADPHE(C,57.021)YA(K,304.207).V	K.[304.207](V,291.174)HTE(C,57.021)(C,57.021)HGDLLE(C,57.021)ADDR.A	K.[304.207](Y,116.074)LYETTLE(K,304.207).C	K.[304.207](T,-13.036)(C,57.021)VADESAEN(C,57.021)D(K,304.207).S	M.[304.207](C,-2.712)TAFHDNEETFL(K,304.207).K	R.[304.207]FFGHGAEDSLADQA(A,318.196)NEWGR.S	K.[304.207]I(R,-47.107)ILQEENF(K,304.207).N	R.[304.207]FFGHGAED(S,304.212)LADQAANEWGR.S	K.[304.207](P,238.418)(K,304.207)DTLMISR.T	R.[304.207]FFGHGAED(S,335.208)LADQAANEWGR.S	N.[186.070]E(C,57.021)FLQH(K,304.207)DDNPNLPR.L	R.[304.207]SG(K,304.207)DPNHFRPA.G	R.[304.207]EANYIGSD(K,304.207)YFHAR.G	R.[304.207]VGYVSG(W,13.983)GR.N	R.{32.000}[304.207]EANYIGSD(K,304.207)YFHAR.G	K.{311.984}[304.207]YI(C,57.021)ENQDSI.S	R.{53.903}[304.207]TEGDGVYTLNNE(K,304.207).Q	L.[238.201]NSRVATVSLPR.S	K.[304.207](T,291.174)(C,57.021)VADESAEN(C,57.021)D(K,304.207).S	K.[304.207]A(A,159.958)(C,57.021)LLP(K,304.207)LDELRDEG(K,304.207).A	S.[304.207]IL(R,-91.094)VAAEDW(K,304.207).K	R.{13.952}[304.207]EANYIGSD(K,304.207)YFHAR.G	R.[304.207]GPGGAWAAEVISNAR.E	Q.[304.207]APH(C,57.021)I(C,57.021)ANGR.Q	R.[304.207](L,172.089)TGRGAEDSLADQAAN(K,304.207).W	K.[304.207]RGPGG(V,-14.053)WAAEAISDAR.E	K.[304.207]AEFAEVS(K,282.164)LVT.D	R.[304.207]FFGHGAED(S,207.144)LADQAANEWGR.S	K.[304.207]GSFP(W,31.989)QA(K,304.207).M	E.[213.184]PERNE(C,57.021)FLQH(K,304.207).D	R.[304.207]HPYFYAPELLFFA(K,276.221)RY.K	R.[304.207]FFGHGAED(S,308.212)LADQAANEWGR.S	C.[304.207](C,-16.044)AAADPHE(C,57.021)YA(K,304.207).V	E.[187.057]ANYIGSD(K,304.207).Y	R.[304.207]FFGHGAEDSLADQAA(N,189.135)EWGR.S	R.[304.207]GDAV(C,57.021)TESG(W,31.997)RPLPS(C,57.021)EE(K,304.207).S	T.[231.194]NHLYLYEIAR.R	K.[304.207]YI(C,57.021)EN(Q,-66.226)DSISS(K,304.207).L	R.[304.207]TEID(K,304.207)(P,303.217)SQMQVTDVQDNSISV(K,304.207).W	K.[304.207]Y(K,304.207)EENDDFASFRVD(R,-65.982).I	K.[304.207](Q,291.172)TALVELV(K,304.207).H	K.[304.207]SLHTLFGD(K,332.213)L(C,57.021)TVA.T	C.[304.207]E(P,30.675)NN(K,304.207)EGYYGYTGAFR.C	I.[304.207](C,51.132)LPS(K,304.207)DYAEVGR.V	K.[304.207]ESDTSYV(S,-18.007).L	A.[304.207]DQAANEWGR.S	K.{152.824}[304.207]AAFTE(C,57.021)(C,57.021)QA.-	K.[304.207]LLDNWDSVT(S,290.175)TFS(K,304.207).L	R.{60.067}[304.207]GAEDSLADQAAN(K,304.207).W	K.[304.207]DPNHFRPAGLPE(K,304.207).Y	S.[304.207](G,63.037)ITGARNLAVSQVVH(K,304.207).A	R.[304.207]SG(K,304.207)DPNHFR.P	K.{52.911}[304.207]VTSIQDWVQ(K,304.207).T	K.[304.207]AVMD(D,11.738)FAAFVE(K,304.207).C	K.[304.207]DS(C,57.021)VGSLVV(K,236.239)SGQS.E	R.{290.172}[304.207]F(K,304.207)DLGEENF(K,304.207).A	K.[304.207]VSN(K,628.321)GLPAPIE(K,304.207).T	K.[304.207]AVGD(K,304.207)LPE(C,57.021)EAV(C,31)G(K,304.207)P(K,304.207).N	R.[304.207]EIGELYL(P,11.712)(K,304.207).F	H.[304.207](T,3.95)E(C,57.021)(C,57.021)HGDLLE(C,57.021)ADDRADLA(K,304.207).Y	D.[304.207]EENLTQENQDR.G	A.[304.207](F,-34.013)HDNEETFL(K,304.207).K	K.[304.207]DSTYSLSSTLTLS(K,246.258)ADY.E	R.[304.207]FFGHGAED(S,320.209)LADQAANEWGR.S	K.[304.207]IMNGEADA(M,-18.007)S.L	R.[304.207]EANYIG(S,52.914)D(K,304.207)YFHAR.G	K.[304.207]GLEWVAVI(S,-12.97)YDGSN(K,304.207).Y	R.{21.984}[304.207]EANYIGSD(K,304.207)YFHAR.G	F.[304.207](K,219.09)DLGEENF(K,304.207).A	K.[304.207]ADD(K,304.207)ET(C,42.968)FAEEG(K,304.207)(K,304.207).L	K.[304.207]LVNEVTEFA(K,334.302)T(C,57.021).V	K.{342.003}[304.207]AAFTE(C,57.021)(C,57.021)QA.-	R.[304.207](V,236.371)T(K,304.207)(C,57.021)(C,57.021)TESLVNR.R	K.[304.207]VH(T,100.021)E(C,57.021)(C,57.021)HGDLLE(C,57.021)ADDR.A	P.[304.207](R,44.027)LVRPEVDVM(C,57.021)TAFHDNEETFL(K,304.207).K	K.[304.207]TNLES(I,52.922)LSYP(K,304.207).D	C.[304.207](H,4.967)GDLLE(C,57.021)ADDR.A	R.[304.207]NLAV(S,305.196)QVVH(K,304.207).A	K.[304.207]TNLESI(L,-18.008)S.Y	R.[304.207]FFGHGAEDSLAD(Q,-71.026)AANEWGRS.G	K.[304.207]VSN(K,628.319)ALPAPIE(K,304.207).T	R.[304.207](C,-44.744)TDAVGDRRQ(C,57.021)VPTEP(C,57.021)EDAEDD(C,57.021)GNDFQ(C,57.021)STGR.C	R.[304.207]TEGDGVYTLNNE(K,304.207)Q(W,-97.144)IN(K,304.207)AVGD(K,304.207).L	K.[304.207]A(K,595.376)PALEDLR.Q	C.[304.207](E,-18)SNSPFPVHPGTAE(C,57.021)(C,57.021)T(K,304.207).E	R.{26.958}[304.207]F(K,304.207)DLGEENF(K,304.207).A	K.[304.207]ADD(K,304.207)ET(C,57.021)FAEEG(K,304.207)(K,304.207)LVAASQA.A	K.[304.207](A,291.169)EFAEVS(K,304.207).L	K.[304.207]DIA(P,52.918)TLTLYVG(K,304.207).K	R.[304.207]FFGHGAEDSLADQAANE(W,31.996)GR.S	K.[304.207](Y,291.172)LGEEYV(K,304.207).A	K.[304.207]L(K,331.18)E(C,57.021)(C,57.021)E(K,304.207)PLLE(K,304.207).S	K.[304.207](Q,-13.035)TALVELV(K,304.207).H	Q.[228.070]EPERNE(C,57.021)FLQH(K,304.207).D	K.[304.207]VTSIQDWV(Q,11.807)(K,304.207).T	K.[304.207]YI(C,57.021)ENQD(S,-8.883).I	R.[304.207]FFGHGAED(S,175.162)LADQAANEWGRSG.K	R.[304.207]FFGHGAEDSLADQAANE(W,-33.093)GRSG(K,304.207)DPNH.F	D.[304.207](K,203.075)SLHTLFGD(K,304.207).L	R.[304.207]SYS(C,57.021)QVTHEG(S,172.063)TVE(K,304.207).T	K.[304.207](K,304.207)QTALVELV(K,595.381).H	R.[304.207]VTASDPLD(T,50.979)LGSEGALSPGGVASLLR.L	A.[304.207]VDSGNDVTDIADDG(C,57.021)(P,66.152).K	K.{301.217}[304.207]EGYYGYTGAFR.C	K.[304.207]EFNAETFT(F,-31.984).H	R.[304.207]NANF(K,357.083)FTDHL(K,304.207).Y	K.[304.207]AVGD(K,304.207)LPE(C,57.021)(E,14.484)AV(C,57.021)G(K,304.207).P	R.[304.207]TEGDGVYTLND(K,281.249)(K,304.207)QW.I	R.[304.207]TEGDGVYT(L,-14.195)NNE(K,304.207).Q	R.[304.207]RP(C,57.021)FSALEVDETYV(P,13.053)(K,304.207)EF.N	K.[304.207](G,29.687)VAGGSVAVL(C,57.021)PYNR.K	I.[304.207](V,39.929)MTQSPDSLAVSLGER.A	R.[304.207]DAEAWFNE(K,304.207).S	P.[304.207](I,19.98)LNEHTF(C,57.021)AGMS(K,304.207).Y	H.[304.207](C,32.063)RFDEFFSEG(C,57.021)APGS(K,304.207).K	R.[304.207](R,162.091)SASLHLP(K,304.207).L	K.[304.207]VYA(C,57.021)EVTHQ(G,248.724)LSSPV.T	R.[304.207]FISLGEA(C,-41.764)(K,304.207).K	R.[304.207]VVSVLTVLHQD(W,-27.079)LNG(K,304.207)EY(K,304.207).C	K.[304.207]VTSIQD(W,30.588)VQ(K,304.207).T	R.{341.706}[304.207]FFGHGAEDSLADQAA.N	K.[304.207]VVLHPNYHQ(V,270.182)DIGLI(K,304.207).L	L.[213.105]VNEVTEFA(K,304.207).T	N.[304.207](F,37.929)(K,304.207)FTDHL(K,304.207).Y	A.[304.207](W,-121.748)AAEVISNAR.E	R.[304.207]FFGHGAED(S,304.215)LADQAANEWG.R	E.[304.207](P,24.926)ERNE(C,57.021)FLQH(K,304.207)DDNPNLPR.L	R.[304.207]FFGHGAED(S,304.22)LADQAANE.W	R.[304.207]RP(C,57.021)FSALEVDE(T,20.353)YVP.K	Y.[304.207](G,69.943)EMAD(C,57.021)(C,57.021)A(K,304.207).Q	R.[304.207](P,136.082)EVDVM(C,57.021)TAFHDNEETFL(K,304.207).K	P.[304.207]E(R,121.979)NE(C,57.021)FLQH(K,304.207)DDNPNLPR.L	K.[304.207](Y,291.174)I(C,57.021)ENQDSISS(K,304.207).L	W.[304.207]SRPQAPITGYR.I	M.[192.790]PFDPQDTHQSR.F	C.[304.207](C,23.885)AAADPHE(C,57.021)YA(K,304.207).V	K.[304.207]T(C,57.021)VADESAEN(C,57.021)D(K,258.202)SLH.T	Q.[304.207]LGE(Y,-85.033)(K,304.207)FQNALLVR.Y	-.(C,57.021)EGFV(C,57.021)AQTGR.-	K.[304.207]AAFTE(C,57.021)(C,364.191)QAAD(K,304.207).A	A.[304.207](D,-38.086)I(C,57.021)TLSE(K,304.207)ERQI(K,304.207)(K,304.207)QTALVELV(K,304.207).H	K.{64.936}[304.207]VTSIQDWVQ(K,304.207).T	K.[304.207]LVD(K,304.207)FLED(V,272.169)(K,304.207).K	K.[304.207]LLDNWDSVTSTF(S,21.991)(K,304.207)LR.E	K.[304.207]EFDHN(S,148.085)NIR.Y	K.[304.207]RGPGGAWAAE(V,-27.03)ITDAR.E	C.[304.207]VESLVSQYFQTVTDYG(K,304.207).D	E.[201.069]GT(C,57.021)PEAPTDE(C,57.021)(K,304.207)PV(K,304.207).W	A.[304.207]VDSGNDVTDI(A,31.014)DDG(C,57.021)P(K,304.207).P	K.[304.207]YEELQQTAGR.H	R.{296.068}[304.207]RHPDYSVVLLLR.L	R.[304.207]RPGGEPSPEGTTGQSYNQY.S	R.[304.207]DASGVTFTWT(P,19.036)SSG(K,304.207)SAVQ.G	R.[304.207]HYEGSTVPE(K,361.235)(K,304.207).T	K.{291.174}[304.207]NQVSLT(C,57.021)LV(K,304.207).G	K.[304.207]AEFAEV(S,-13.07)(K,304.207).L	I.[179.113]RHYEGSTVPE(K,304.207)(K,304.207).T	R.[304.207]LPEVEVPQHL.-	D.[226.063]SLADQAAN(K,304.207).W	R.[304.207]LTG(R,37.986)GAEDSLADQAAN(K,304.207).W	K.[304.207](S,291.174)VIPSDGPSVA(C,57.021)V(K,304.207).K	Y.{22.948}[304.207]SNNQRPSGVPDR.F	I.[304.207](R,-99.074)HYEGSTVPE(K,304.207)(K,304.207).T	R.[304.207]S(K,304.207)EEAEALYHS(K,304.207).Y	R.[304.207]VMPI(C,57.021)(L,37.949)PS(K,304.207)DYAEVGR.V	L.[304.207]Q(H,73.226)(K,304.207)DDNPNLPR.L	K.[304.207]VTSIQHWVQ(K,304.207).T	E.[304.207](N,-22.58)LTQENQDR.G	R.[304.207]FFGHGAED(S,305.196)LADQAANEWGR.S	E.[240.082]ITYS(C,57.021)(K,304.207)PGYVSR.G	K.[304.207]RQDNEILIF(W,31.999)S(K,304.207).D	K.{38.900}[304.207]RGPGGAWAAEVITDAR.E	K.[304.207](P,182.013)LVEEPQNLI(K,304.207).Q	K.[304.207]S(K,304.207)ELTTEIDNNIEQISSY(K,304.207).S	K.[304.207]ADD(K,262.13)ET(C,57.021)FAEEG(K,304.207)(K,304.207).L	R.[304.207](Q,-51.595)RLAARLEAL(K,304.207)ENGGAR.L	K.[304.207]RPSGVS(N,-16.989)R.F	R.[201.872]AF(K,304.207)AWAVARLSQRFP(K,304.207)AEFAEVS(K,304.207).L	R.{17.033}[304.207]LYGSEAFATDFQDSAAA(K,304.207).K	S.[304.207](Q,-2.127)EEE(K,304.207)TEALTSA(K,304.207).R	K.[304.207]VQFELHYQEV(K,247.146).W	R.[304.207]EANYI(G,303.228)SD(K,304.207)YFHAR.G	R.[304.207]HYEG(S,-18.005)TVPE(K,304.207)(K,304.207).T	K.[304.207](K,595.381)VPQVSTPTLVEVSR.N	K.[304.207](A,291.17)LPAPIE(K,304.207).T	C.[304.207]TAFHDNEET(F,-65.968)L(K,304.207).K
Non-severe-COVID-19.XG25	Non-severe-COVID-19	0.224752693943	2.05867987842	0.483513161872	0.459186300322	2.23828039915	5.23354524136	0.493198632177	1.24902237216	3.5122097342	1.8242313468	0.174764501935	0.853011474543	4.120149548	0.82945053451		2.22798728138	2.19617417877	6.78145181756		0.0694345869753	4.85712434631	0.755976991686	4.04175748386	0.143451686278	1.46226940998	0.683500880699	0.820719794949	1.06000013395		0.501899057811		0.706670861729	8.0985055844	2.37714462048	1.29002101149	0.58921861928	0.97614751415				7.9926694504		1.45099936178	2.58247526604		0.515137585356	0.539463978523			0.435327912683	1.43646713712			0.137246889664	0.586879755535	0.0169180736828			2.31623665264		2.26769311105	0.572439812723	1.61884088832	0.243261172373	4.71195756537	0.995275086311	1.44149596454	0.234429253491		3.90554676239				0.896760573395									1.26043724598	4.11904320761	2.76398180431	1.59457397313	7.507119386	0.29933606914			1.312774955	0.548749267018	1.45909370134	0.493719836828		1.19428411203		1.91878846164	0.717161488424	0.00425269023792	0.320854621879	3.23454740222		1.13863803083	3.11553016573	0.0233867851677	1.90552244058	1.10339023992			1.31365869341		0.0227565995489	0.108050348346																	0.139577739918		0.820772982123		0.428576776495		0.165863437645	1.353635319	1.21518193151	0.0665105735541	0.420708456259	0.683620107921				0.506248623382	8.19344100599	0.201073422812			0.921544164959	3.72066252261	0.391320323071				0.051892798722	1.31781247448				1.39911263577		1.22279006906				2.55101558486	1.2761598984	7.67098548493				1.02879381278		0.787684523494	2.18992731632	0.357433144915	1.83173903432	0.289042291784	1.30253462417	1.60996887591			2.2784686447		0.377732169092	0.922305864264			0.935596959264	0.434706180364					1.10566327174		0.751085518641	
Non-severe-COVID-19.XG23	Non-severe-COVID-19	0.0744223779762	1.46145253196	0.0719936439176	0.0215659132175	1.38868885134	2.96932359753	0.0102030276436	0.573466724756	2.20469144451	0.849093451287	0.0928783987397	1.18489372871	2.68360624296	0.604872107445		1.37826023009	1.42090047117	4.00206909982		0.0143870848206	2.49379179297	0.0415736629336	3.10286723192	0.029136806603	0.636880624484	0.317420767703	0.0483746855113	0.561526509434		0.307292124624		0.576444790673	5.48503466311	1.25667310205	1.61770611804	0.254562005842	0.284359256188				5.12254525642		0.892721739329	1.43949296199		0.126771062459	0.379840558332			0.0379322314038	0.826251317729			0.28680048285	0.31058056501	0.0137179733425			0.151701699357		1.54744734011	0.489549792454	0.0440489173948	0.106558854764	2.02456792696	0.295944156041	0.813629246776	0.162603100251		2.38005774654				0.492769455917									0.494181315359	2.36170424131	1.81956546285	1.04447027105	4.24437073217	0.38823253832			1.22940335982	0.255770983275	0.775737727456	0.106210229432		0.528575038367		1.5409002981	0.885320809805	0.0113458044388	0.142470702804	1.54706763686		0.295370971979	2.48873250369	0.0433866171073	0.896205110544	0.634669960852			0.666824951083		0.0291749210876	0.080744506994																	0.21248365671		0.522082835658		0.114011572423		0.0971093740708	0.801061114233	0.111817138083		0.198997918603	0.447789321431				0.180592046752	5.23727712062	0.213102190166			0.626533111155	1.90070986284	0.251910524033				0.0476052922708	1.3255905252				0.799141139985		0.85741191214				2.09689356909	1.12592736507	6.04556166148				0.422979953419		0.735191964963	1.07485284411	0.631488114803	0.983423070957	0.168547192649	0.773982233771	0.665877189281			0.165037295306		0.646015886546	0.624222279934			0.556647822089	0.283316981969					0.968334893545		0.355692822589	
Severe-COVID-19.XG40	Severe-COVID-19	0.471376933736	0.851481355289	0.236622394704	0.743578411591	0.758975167592	0.587655013783	0.0306517547683	0.512326915938	0.322639355459	0.351590057187				0.536190886226	0.439207390318	0.700809058123	0.588644803467	0.363334480945	0.659688809195	0.223975444064	0.593982974497	0.340024862527	0.893721863306	0.104666583788	0.0989888608741	0.405209875736	0.142560688498	0.919813656768	0.289835152262	0.730562932164		0.3589709033	0.389667622495	0.203744421463	0.699193429403	0.265426632997	0.295144455922	0.450574621563	0.671006937666		0.286395740556	0.379608227927	0.718393297995	0.47404310733		0.24790398735	0.567650789238	0.624271118713	0.431920922754	0.364312777929	1.03781450874			0.401540240287	0.0201333908032	0.0120737344412	0.674537079418	0.935817959893	0.114507005249	0.287424142105	0.655724237437	0.217981715404	0.0414768543985	0.181772609633			1.25258597991	0.115494877798		0.185010332987				0.381230224777	0.827004444811								0.117457467157	0.130619085104	0.798322956122	0.502597385559	0.140817964472	0.252304914372	0.542303101213	1.06407443174			0.452191660202	0.413016914856	0.215846941342	1.35114416993	0.255667956108	0.0816893512993		0.00769999019635	0.199533576506	0.0933229496911	0.847212077281	0.308888811117	0.789897844407	0.0160757301196	0.49117382198	0.411642519094			0.246915016087	0.216779269157	0.00880918647881	0.370199865924								0.790903429084	0.862353763035	0.586452610956	0.84905411145	0.888665931699	0.833948501467							0.861627286352	0.283536951482		0.650408884757	1.06208806328	0.108165449985	0.592501236994	0.0792293437201	0.514153335878				0.226976452055	1.15628747884		1.10436454006	0.635723589392	0.364424049883	0.210962959204	0.477027931627	0.722410850113		0.99626618757							0.856690268578	2.01496482497		0.565179899301		1.07334292409	0.560424899603	0.551273888993	0.981210635638	0.796402421424		0.284686454239	0.432961293169	0.846486947145	0.389738110103	4.13885121228	1.45659619816	0.808576293772	1.18163473784	0.783568105892			0.180394903699		0.818253022297	2.05227271652		0.149416710228	0.533565406696	0.309525041283	0.847089102634				0.761130280139		0.601138617929	0.493285583193
Non-severe-COVID-19.XG7	Non-severe-COVID-19	0.00798712564091	1.03816430031	0.02435066399	0.0497532921521	0.830736262386	0.569055731136	0.000648913220091	0.722059476009	0.563491102007	0.15757909439		1.02802014203	1.47927843171	0.312774384879		0.544549009467	0.646799525863	0.811003123448		0.0215979723302	1.82732304704	0.00379184606718	1.22446140887	0.0143015787683	0.299158411192	0.0415318367781	0.00319119390444	0.501129347385	0.233094738627		0.391465634996	0.624951837105	0.424296514996	0.349397122485	0.910140462084	0.0585368286352	0.0401504646701				0.312895387779		0.261904126894	0.671956975584	1.94956342056	0.0331962744392	0.693355997859	0.251315516879		0.0267601660222	2.15796529269	3.88491188132	1.64843532987	0.697492267198	0.148068903552	0.00423958516973	0.585340716433	0.290375471363	0.00908664240893		0.547500093672	0.468721786694	0.00113768300373	0.00761209144276			0.460976242916	0.0881414636121		0.422822442194	0.233099467493	0.87412675623	0.476091921518	0.412946820977	0.181068310942			0.088594136616		0.342410308428		0.111471566368	0.137404711547	0.760166617439	0.26373572488	0.176941151507	0.156696376562	0.197563159732			0.444982799623	0.558118776641	0.131982701529	0.354807257876	0.06664417495				1.01432243387	0.00787650909468	0.107567079744	0.0762254056044	0.367402589132	0.0487733340652	0.69782338833	0.0194192382381	0.339581050321	0.126417346904	0.937009555411	0.84002762829	0.0370176384562		0.00566566164342	0.100569930835		1.12096796411	0.900845082604	1.00917475161		0.454528179421	0.732933852159							0.639461613427	1.44162867213	0.613641644391		1.26027704715	0.228182833931		0.0807076506398	0.625944243551	0.11537522647			0.0366951092168	0.0751789303737			0.925604113379		0.18043185357	1.55643387432		0.460031450091	0.338803233518	0.191974434259	0.160277922806		0.892386249291	0.18097364384	0.354617282628	0.0135362417679								0.722880146657	1.27814830168	0.978381547041		0.126001578108	1.40620231889			0.195944455038		0.374277047699		0.0698546050042		0.239393926906	0.165711942375	0.260520454261	0.25571762195	0.0447704204607	0.326084326312	0.031649279613	0.25909518092	1.16290715948		0.997881167944	0.125259674048		0.2564614876	0.241918944375	0.612893194314	1.71265323332	0.0937290347147	0.359932525348	0.0705090835249	0.271365640531	0.497616139348
Severe-COVID-19.XG26	Severe-COVID-19	1.41610312297	0.57263350007	0.259902565267	2.88138960233	0.927455243344	0.556145365528	0.269857583433	0.48828516759	0.30421602335	0.0767257932516	5.31755164129		0.628488500272	0.393300861115	0.929721801397	0.365004271807	0.323025700134	0.472371740899	0.568417129641		0.410629115459	2.34948468201	0.682680165742		0.207497854047		1.28690340214	0.696340412785		0.310868665266		0.264491361808	0.227028076136	0.594726003203			1.06934542377		2.28433341229	0.722645764534	0.214936977679	0.598151544545	0.747127127369	0.30418935007	0.544704007916	1.19516247218	0.418594159251	2.11549137911		1.51262667512	1.72067211194	0.606954986272	0.373076267662	0.443789404905	0.038576074466	0.0128911917941		0.96781722675	0.40089334825		1.40201914711		0.544509399295	0.677046372568			0.444596375413	0.10710691258	0.797014073287	1.39681401009	0.481763101698			0.615732124796	0.656329175954	0.764393096667	0.986922856356		0.645313548451		0.571172071687		0.523365715545	0.611182800891	1.13885101776	0.520454503756	1.02609053719	0.200575979127	0.668305002568		0.242372767125		0.378443573738	0.517023931032	0.236936260024		0.269968719221				0.0614522678023	0.0896736522321	0.375966200551	0.305404272219	0.678294414782	0.0149380315652	0.16814433698	0.267691515722	0.828413956319	1.14402517443			0.00540144554738	0.427167370419																					1.07105776584	0.842020496617	0.0477366666452	0.982751733728		1.25385949337	0.61733797808		1.05730569451		1.03583175659	0.632622818395	0.780105798866				0.0304764197206	0.0445843485888	0.358460119112		0.418687511662	0.466601460638	0.102823349629								1.00042020975	0.683947353591	0.74235851769	0.733574000309	0.320408739286								0.237127220476	0.414828509701			0.465120580201	0.2033387258	2.02182743239	0.229402451699	0.476754671766	2.24307021667					0.728474373451	1.4235665006	0.595064008111	0.849740340381	0.877672487505	1.73439802339	0.645769596701	0.277519948544		
Non-severe-COVID-19.XG14	Non-severe-COVID-19	0.0829394296885	2.56804950059	0.140027921611	0.126206871075	1.71264342195	1.85598928463	0.0139509726847	3.25777049455	0.669031360904	0.165964300411	0.113256660433		1.0377773616	1.46529465228	1.62285300313	1.5331445982	0.698957073034	2.57754757004	0.92431327271	0.107500895981	3.0313872694	0.0126993206317	3.48602651482		1.37551225553			0.63884372947	0.327748160597	1.87201928531		0.938016646844	1.5550412097	1.46524806967		0.0859955282402	0.149624209364	0.197379147636	0.230738776615	0.217187496011	2.44164816162	0.0760138645159	0.466150436355			0.118772225849	1.18995468456	0.628008659515	0.122169359079	0.560618410529	1.70168598333			0.550098340305	1.55745698048	0.0100064160839	1.00036130141	0.913377888673	0.0248583845854	0.0756465155358	3.87033780718	0.686351226139	0.00736340532916	0.568001036309	2.12156588279	0.0550148887836	0.557030598679	1.34676188528	1.86307635445	2.20744706127				0.884517098872	0.321394716617		1.47642000981	0.238053309595	0.851116454043	0.560664463441	0.688188051335	0.525627718617	1.30431438465	1.18950025101	1.61204031754	2.55858975424	2.4389377776	0.597814315143	1.12351842002			0.152282020726	0.264925608047	0.400957178377	0.443975846893		0.428054893969	0.338623273836		0.025190867085	1.31776151061	0.227576529729	0.678614212976	0.31415054785		0.0253604215636	1.59168096726	0.309939596303			0.0853395248354	0.148809167573	0.00928981601258																						0.211813417743		0.399787083583	0.619578880981	0.149927911086	0.146016139813	0.429256166477	0.227615416726		1.43992338301	1.20451903928	2.63950503427					1.2795375482		0.275457679594	0.698741360517	0.865937826859	0.559596990072		1.32053023265	1.09501679596	0.286858761893	0.61639025639	1.55932750104	0.442404361826	0.992596157176				0.658777100737	0.62084285322	2.90144608385	0.652020779844	0.781473937639	0.643874175645	0.166324000135	1.06012254507		0.210558357446	1.14471286898	0.613586069942	0.630503515338	0.505917799109	0.227569770058	0.261751742328	1.43840167907		0.526194726586					0.394448063303	0.49370375615	0.661944567252					0.221544686066		1.17491830235
Severe-COVID-19.XG37	Severe-COVID-19	0.616798173888	0.91310908401		0.559931606068	0.401218153539	0.313404621792	0.302438152438	0.634265596416	0.59141906218	0.200532926981	6.49584005573	0.530781523951	0.25144486713	0.397560405654		0.541179558171	0.16843425188	0.593053305925	0.514508281981	0.823654880993	0.443584728881	2.03871506834	0.828508848257		0.22350375675	3.37546938002	0.375268419156	1.67498917777		0.424139201095	2.50316833002	0.444480874436	0.483117258005	0.27661197263		0.674345955757	0.446541487931				0.441448232308	0.552669633714	0.74462069134	1.08350638327	1.57054239332	0.273350124332	0.731801053415			2.05237894718	1.76073119722	1.20957824205		0.120844890219	0.0536937749121	0.0220875243673	0.538152186731	0.876126759482	0.579523918786	0.499180161405	0.236406738896	0.156442984708	0.0619579761969	1.04406953083		3.3781125775	1.09975746082	0.0640181402323		0.302368210121				0.538039693792	0.306685618912	0.684842357249							0.0515696565711	0.241079140982	0.369818034084	0.142755763785	0.434378737441	0.0681323804533		0.988781146468	0.419574836929		0.744242698012	0.467429643325				0.235717341537	0.466112438427	0.00995686991684	0.0800644838164	0.0616201115018	0.726159136172		0.625190489865	0.0058543516132	0.232118402535	0.0848879701463	1.78454805869	0.366858142421	0.244391670078		0.00270905589818		1.11790577151	3.25619312525		0.806107245749	0.948111039616	1.37636640972		1.39081180975						1.0873266522	1.38293069234	1.35351813213					0.447831781547	2.16557623491	0.0791689792698		0.526339671743		0.0428481945796	0.673800072954				0.301264342616	2.7272333246		1.60274815882	0.482242631741	0.122311893996	0.141628578724	0.417543489659	0.205657102347	0.0539794575415		0.123733801464		1.9606952021				0.785806491049		1.40300720749			1.02361233024	0.0808318364828	0.52434363676	0.971601332884		0.76656039334		0.278159392915		0.373956324868		0.630116437688	0.0262535390256	0.948819341334	0.319741370362			0.2129302612				1.75414210437		0.402607265224	0.121872822678	0.711756932048				1.76715331588	0.146022846458	0.283290510923	0.433234527326
Severe-COVID-19.XG38	Severe-COVID-19	14.5197223006	0.942637574364	4.77649568718	16.1074060398	1.34739356584	0.51284960484	3.66157036769	0.90677606704	0.425444355864	0.0798456105667	16.8084390469		0.419553606978	0.522215841238	0.886751622888	1.00577031725	0.278669752919	0.750939884219	0.726799573963	5.8020199665	1.06669601813	2.16909614408	0.912071869451		0.893011857067		17.8256295184	1.69022297746	9.13192805752	0.593402827963		0.49087506041	0.413350655284	0.522891717941		1.59865691654	1.54577691385	2.77184359988	2.52689574621	9.69282360515	1.1022989857	2.75808862173	0.965465255262			5.03537075165	0.460217505892	5.61493630629	3.59104597697	1.27862721122	0.618127849411			0.305889821755	0.633515565486	0.0153446923588	0.602210793151	2.39214388555	1.10801906172	2.2435812549	1.17379069741	0.566104445375	2.8228411864	1.2128508078	7.82663756146	2.04907735053	1.70049346031	0.858926242403	0.996802706603	0.695057986166				0.349213810016	1.02355737137		1.21712363276	3.99886349962	0.745975141101	6.61014350228	0.551473582416	10.4309189795	0.230134645934	0.31720563081	0.503786258748	0.733470254675	0.640478561488	0.516179542914	0.500198297611			0.434580925819	0.431363796061	2.35148109447	0.495715345009		1.0934792177	0.1659825742		0.00944343723116	0.284962746933	0.073882132981	1.97250687024	0.792055956798		0.0159294493131	0.941403286309	0.31553569396			1.58201594636	3.42081468644	0.00701559100848																						6.9568911644		0.282473755258	1.63530354359	2.82346002426	2.39916853097	0.113280120738	4.93381588327		1.02539558094	0.600994396201	0.386016289297					0.692549790822		0.263713071376	0.350432198766	0.632029336191	1.30602135727		0.818961937268	2.83301077884	7.34571196515	0.385599184612	0.605816360959	0.858085608176	6.79166005113				2.55826986371	0.393744400116	1.38951120985	2.19901216553	2.24442890709	6.53971487254	3.40633271493	1.00972082977		1.21255567231	14.5576182781	1.55840244436	1.08977783869	1.41464475352	0.777817982419	1.11919712719	1.13611341453		8.331662001					0.566596405368	0.439940384749	1.80634362045					0.0835585833883		0.714931755587
Non-severe-COVID-19.XG13	Non-severe-COVID-19	0.108328619863	1.96757213049		0.0572813040461	1.03171343526	0.96774381757	0.00886694583552	1.86362638311	0.941430904982	0.761315098992	0.0808394728692	1.04165296869	0.624636800642	0.93834949686		1.08289677484	0.41877250641	1.15165194514	0.845019088257	0.142139811235	0.955664483949	0.0629034013425	1.63355547884		0.604319925681	0.220688724013	0.0313696637841	0.566291881716		1.10213627494	0.794593439239	0.63064290878	1.06660250678	0.683305125394		0.841697872776	0.0316997296278				1.12405071933	0.0753068707062	0.396378819999	1.66890627733	3.92698656261	0.0196297636009	1.82176905884			0.0679842655307	5.01745665437	3.60909051621		0.478273317186	0.105881788328	0.00677708892057	0.694348451236	0.44705511832	0.0491588235238	0.0447200568355	0.520487592802	0.349472054026	0.00418182602497	0.0320511218141		0.091033543187	0.428552931188	0.178879211292		0.885910076564	0.125648984284			1.29873613064	0.142513046933	0.930066843923							0.203546865733	0.629062270733	0.810489855657	0.344173191655	1.30886772006	0.170276479381		0.51938651583	0.962137745622		0.238321047421	0.046047060867	0.108231001896			0.6420877956	0.899051627072	0.00864748006173	0.254208908331	0.123582580545	0.279126823004		1.06499889465	0.00921691257529	0.376754626832	0.363946594644	0.722455591673	0.959281616483	0.0186305937345		0.00204283093286		2.90926479525	1.16676502235		1.11038475839	4.3881209174	0.9091903138		1.87949822415						0.650095543643	2.88781789895	0.644282174928					0.172866749674	0.654959011801	0.283105071142		0.0568699243846		0.129341691025	0.298450777245				0.730253157709	7.77495760714		0.832055004611	0.709479607298	0.221358616481	0.55671060177	0.263422126028	0.495292978815	0.257861007234		0.0745919738678		1.24207964732				0.370837632339		0.549870188869			0.283799494134	0.18812303459	0.8791876013	0.446705801998		0.355348223204		0.560676687698		0.0847865575175		0.35982315441	0.450309669108	0.318536495419	0.167136171637			0.0364546700457				2.24510559431		0.602383980583	0.415062342986	0.318464548683				0.520330689491	0.414138476968	0.505307884066	1.02256067861
Non-severe-COVID-19.Patient-group-PT	Non-severe-COVID-19	0.0480355107035	0.628984097281	0.272481869981	0.292385032102	2.32272778993	1.21185525801	0.0142806351491	0.393012404946	1.19661891915	0.519006358114	0.0426379722709		0.53414799264	0.959091377419	3.74559473456	2.22665934921	0.16727553931	1.68286149508	1.2215386442	0.206189720524	0.469961510257	0.190805547585	0.693736475486		1.90155904119		0.0661118358276	1.47616668483	0.812245671087	1.37627066451		0.245584982242	0.105370947749	9.98046599506		0.233842089671	0.283012702758	0.383017170809	0.118426444198	0.15948629835	2.61962513782	0.127233359599	0.999777265604	0.586629283679	0.721673429344	0.157218511015	1.57389373552	1.29512188595	0.39680730889	0.225506064325	1.91498813758	0.478589487874	2.11743421262	0.91551701531	0.0417940992632	0.194321406886	1.54710155915	1.34473489058	0.0382417786201	0.185887312367	1.58737661346	1.56554126593	0.0121005735425	0.165707050227	1.76138889023	0.190993916199	0.54208865727	1.89971422842	2.40870109094	1.52372865626	0.304341906173			5.54454910778	0.305510522305	1.37746141091	1.58399969332	0.287974736308	0.95762347957	1.12031143139	9.20518186659	0.736582716268	7.68919012379	0.56297067626	1.22877615516	1.97465143454	1.5224978816	3.68276128323	8.2743721745		0.371900011069	0.285223093569	0.253239890583	0.585733337617	0.134074462874		0.171213410633	0.523444361909		0.210800484893	9.65413739839	0.0534183333805	2.0939222453	0.482256137263	0.741613002469	0.125308567901	2.42510485479	0.67015955373	1.31118117685	0.978935987804	0.220352172214	0.29318080159	0.0425432566743	0.114952892865																					0.509657718294	1.02078230686	0.0798959006466	1.25242549778	0.429002721007	0.279001413918	1.55940877241	0.519929233074	1.06987774547	2.06791049273	6.09914329508	9.450578696	0.469018232823				0.0145280057752	0.04348731655	0.467519603904	0.837661260376	3.42838615	0.418593712344	0.127941519978	1.57379574125	0.798853410263	0.631250998528	2.74880140159	11.5629232203	0.968643130859	1.38841752538	0.995900722368	2.6045929611	0.99479632164	0.905020268687	0.709763682374	2.22393085322	1.05283012554	1.07482180287	0.915411105585	0.308641592502	1.61579064221	0.796465998127	0.190009844547	0.411780020208	0.829051272661	0.692483117203	0.651066881303	0.136346882095	0.38734595373	0.550547000725	0.0659686044791	0.341567946708					0.288652387577	1.83813378933	1.22212192224	1.50821271752	1.17287123966	0.144221845123	0.420094771977	0.21133773414		1.98928938896
Severe-COVID-19.XG43	Severe-COVID-19	4.76905962546	0.319611400582	2.45316846495	6.29957488652		0.66869815536	5.31119767637		0.385295365545	0.0814533655912			0.51331150553	0.550325648651			0.505091856323	0.497382100367		1.07877017416		2.27150922894		3.18189961782	0.172135549159		4.51655886468	1.27746827459	1.76459575686	0.158882358645		0.518446109128	0.867256276352	0.315194420555	0.869373362818	1.29940987809	0.0847756875077	2.63297248245		0.716115861923	0.656492102648	1.57011208615	0.81664253497	0.213996880944		0.865539848346	0.729838883004	3.28617477172	1.88857567176	0.551105549459	1.87984079318			0.205951655875	0.0647097242485	0.00840954202798	0.291433765937		1.25152006685	3.90997999229	0.28756297568	0.241975505514			6.28217644175		1.67576411771	0.12146948561	1.07539904677	0.272886197733				0.509991369922	1.21723747034								0.0466268903673		0.360318170338	0.0565687571568	0.523483261561	0.182495248393		1.03773309946		0.449103487934	1.39643392177	0.893261377951		1.5131695882	0.603322234635	0.250871869726			0.567165709469	0.0262015017781	0.641514016955	0.263962207761	1.27589669526	0.0138570644817	0.358165383165	0.236263566754			0.589353943674	1.67128221668	0.00281511278786	0.366755289643							1.19292992791		0.911077114108			0.955055648434	1.20782200558								1.48198328239		0.0994495963186	1.27374380788	1.80993002619		0.0524011426792					0.0553644337875	0.507420565411	0.271580588465				0.404814700746	0.907291811227	0.523927401382			0.246378115411			5.02084736846	0.523405916631		0.85740072802	3.08967036026				0.378823923618	0.903864016065			0.901321282173				0.856904429324	0.524202124044	0.67093763317	1.77126876399	0.10246371214	2.08072762465	1.48352981213		0.32855634049			0.28669796909	1.00690441046			0.634189851525	0.148994997554	0.740048501058				0.519752171463	0.644942359046	0.396064928168	
Non-severe-COVID-19.XG2	Non-severe-COVID-19	0.033355440653	4.26039384288	0.028704250058	0.0694119654986	2.70846774463	4.17153471677	0.0138167953	4.10322980394	1.6982112567	0.208626725155			4.39166456979	2.82223524384	2.07897215215	2.13360434429	2.02639886191	2.13775768232	0.933254160202		2.66190958198		2.69063265824		0.687072606373		0.0247919966039	0.802609450621		1.70338274036		0.624672230642	1.51768165416	1.06467532038			0.269694414621		0.42573392726	0.170068516115	1.08396273509	0.132285174317	0.664580537522	1.6247145306	3.78342657459	0.0695859282236	0.853935822895	0.434569366212		0.118225760319	14.4470033146	2.60199567018	1.05048689517	0.838383565236	0.200169586744	0.00676874165399		0.861678054498	0.0393344846081		9.70153425443		0.0144840445104	0.045044029607			0.387991944485	0.487337951276	1.6976807035	9.46599603028	0.207066809735			2.60076219308	0.298675684438	0.987999244402	2.52479007802		0.91795036294		0.748334427527		2.66679273898	4.30881754286	4.90366988867	2.59840058301	7.88361332997	0.259925910754	1.04391983096		1.39056710038		0.249505017474	0.11872385278	0.185419922919		0.110113398957				0.174680629035	0.462852309419	0.520240579243	0.0640775267725	2.89689890569	0.116497893642	0.723122609543	0.42227412092	1.03074262974	6.44060149582			0.0120523446861	0.272967153746																					0.445120043872	0.818312167357	0.0686950240544	0.528711330859		0.214948838742	2.69194399631		4.92141238418		1.95329347035	3.32283337612	4.84930979584				0.215395821767	0.341610486659	0.244313533576		0.660439783946	0.315293900973	0.0664313580143								1.17680499507	1.28551590499	0.778125312323	0.340674881435	1.8140211961							0.829353294598	0.164470656779	0.348919311717			0.512716173272	0.11528399725	0.276085095381	0.759065310489	0.0763808293129	0.289115893754					0.115082186855	1.41208541675	0.489096410958	0.937579562857	1.01866843753	0.0847481088807	0.311514424975	1.88908686369		
Non-severe-COVID-19.XG8	Non-severe-COVID-19	0.010581363524	1.76707020586	0.0386303274686	0.0760820710621	1.60349860885	1.21556989752	0.002438557595	1.32747069878	0.815196144846	0.230572989221	0.0350576563559	0.773112384811	2.3561481062	0.333707529804		0.78371481239	1.22843204534	1.68289745407		0.014274875886	2.26447228716	0.00633806346932	1.57242504729	0.0241772393163	0.43655576595	0.0220549241737	0.00648348943716	0.175583395689	0.202600057782		0.23515847462	0.899521667645	0.677996590238	0.532458774876	1.31148336421	0.0587295948574	0.0563655040991				0.558695937341		0.187702695531	0.668551503947	2.68437213017	0.0298710079816	0.767364063924	0.241931962668		0.0544688022121	3.64694088909	6.90361880622	1.45713506917	0.560513451161	0.244363723155	0.00553929671242	0.850434860072	0.19505269096	0.0109432371211		0.895238262332	0.61836633082	0.00133360836331				0.376471037144	0.171293606211		0.737390841866	0.0938660686811	0.451431400433	0.592669708275	0.56230122853	0.181265986619			0.104372255662		0.415245137304		0.208855420987	0.207054094649	1.4068474204	0.436632022728	0.250902621444	0.287950682712	0.333143353049			0.643072543944	0.648261195393	0.206952996027	0.233077928122	0.0561373908888				1.0955510173	0.0182435247615	0.146158264498	0.136357912735	0.101209029564	0.0398208382973	1.1264816839	0.0446433373157	0.595070480419	0.237754551265	0.408709279071	1.53651496855	0.0383076805058		0.0114650428276	0.0895955548595		0.45232308014	0.468333307964	1.2214382456		0.28301525419	0.23486052194							0.484423834616	1.98129716257	0.750124499513		0.936348173923	0.21773662214		0.0827008582912	0.322420983931	0.25573082885			0.0395824921275	0.128977274943			1.02898901834		0.260443926741	2.69047652798		0.54454845368	1.25379624374	0.344421685301	0.27300395077		1.22169169173	0.374100202171	0.157741033895	0.0430351064442								0.80414694348	1.23550604991	0.862154811748		0.157253111801	3.12095712155			0.182811748971		0.461195390093		0.0279515721656		0.0890956116869	0.165605537709	0.0743349356948	0.260958469733	0.0684256246143	0.298630564323	0.02989106031	0.161734846895	0.898161399199		1.13566147563	0.181297094302		0.617213953139	0.248178113016	1.07263883054	1.39580315298	0.115903975487	0.158762451564	0.115715983227	0.319377100233	0.478884867884
Severe-COVID-19.XG45	Severe-COVID-19	0.124613656822	0.901890552078	0.230580646583	0.189996464532	0.553706532767	1.04105924542	0.215989744874	0.287478213202	0.944318778057	0.20940915587		0.602909958545	0.887972717955	0.258637133401		0.704894947631	0.415273267831	1.29155623349		0.0409611391293	1.13035386399	0.175404743038	1.21451023976	0.0679338936308	0.213781035347	0.473472596186	0.381010099471	0.377276457835		0.161572146496		0.22883127273	1.42771215859	0.54827806134	0.463316946759	0.475754290817	0.604849471722				1.31760636		0.561049863431	0.654873607179		0.277155196445	0.406443862395			0.176074209299	0.63575332231			0.140027915755	0.136907507321	0.0214492366616			0.474296870693		0.577650331301	0.547040462844	0.709675433682	0.138956019799	3.76364141138	0.662027907867	0.397134149265	0.0999601442435		0.876265007784				0.257263485801									0.214783825882	0.850897301073	0.647511811772	0.432242529711	1.38992567894	0.23126811993			0.53986507462	0.396666613925	1.27139455994	0.272081784337		0.991792802987		0.714719884254	0.539768294075	0.00569598053375	0.0695516079747	0.631035613514		0.570422406623	0.926904405532	0.0305583315842	0.488210296651	0.774450904742			0.78210788185		0.0217648397959	0.198222867197																	0.439456582306		0.835194274885		0.189240852498		0.134260005808	0.464326603937	0.595647517994	0.0694111323408	0.0766195459671	0.526242677143				0.0580860032389	1.76455895383	0.594181685103			0.168816854425	0.750617476975	0.487902837734				0.0750549334361	0.823950594277				0.349643902306		9.65504815781				1.10017434943	0.435157048218	1.66827962171				0.542067088138		0.839045181947	0.381334966787	2.10387558384	0.447844150419	0.110149293334	0.326690322861	1.37123199496			0.496570451679		0.372546798184	4.5955213059			0.614213357133	0.297113537519					0.605399823134		0.307951532525	
Non-severe-COVID-19.XG6	Non-severe-COVID-19	0.0685282087255	1.34143078427	0.0789095766089	0.195629929556		0.734266943261	0.00794799067858	0.948689113322	0.42639775621	0.469682066776	0.245501767234		1.19665026308	0.40021179997			0.791853561702	0.704504981349			0.754734138962	0.0156497211411	1.60172785653	0.0567372815268	0.266291198948	0.418001385359	0.0557024572059	0.147105822815		1.29725087013	0.42650465191	1.30842019352	0.985256446276	0.692467477158	1.17951143273	0.0596488096454	0.0490441891109				2.05673313014	0.0710045288892	0.177728238092				0.912203621148	0.100842478863	0.0828876135939	0.117172644349	0.742978538869	3.12695779388		0.471494517941	0.126989898254	0.00803387560648	0.41339374947	0.234582875426			0.885796861312		0.00817428284876	0.0257386418563			0.153308515747	0.0971229829759			0.213291900876	0.418657251273	0.763576745045	0.657534309126	0.233743883495								0.679768662316		0.400004758476	0.350596545921	0.684437205359	0.249790652738		0.313404653808	1.92441435677	0.339818140439	0.226918405077		0.143194717592		0.0203980954695		0.671419265199	0.00558878901307	0.257652005307	0.113519557232	0.107612859551	0.0187678221228		0.00391602819029	0.378634392595	0.140701304541	0.3622893938	0.681140973525	0.041929682589		0.00526701615992		2.1038433575		0.43672614398		2.83105934598					1.38302557442	0.426896461992						0.180830161756	0.725132104038		0.245416835352			0.206988418318			0.0546586314861	0.14633806333		3.05994316456			0.572759989326	0.198411073357	0.0804811275325			0.563839423389	0.410835903563			0.207302693916		0.0619546853289										0.793004256094		0.569532150887								0.0664995816782		0.129148691566	1.03973473552	0.151708529471	0.187001701102	0.0456994548972	0.279202980341		0.169825232569	0.404287278082		2.23844320109	0.113841553846		0.120391750111	0.3696227435					0.445941098787	1.50817877544	
Severe-COVID-19.XG29	Severe-COVID-19	0.528544118374	0.250127792293	0.515200515118	2.63759204535		0.163585302301	0.0453827607616	0.187490563547	0.129186508999	0.0944658637258	2.09227591425		0.25617852357	0.0898578546738			0.193639104315	0.12983757773			0.185524540142	0.244134641659	0.275984601311	0.732180859734	0.108490460825	2.25104642953	0.680241674382	0.809952370022		0.385573832604	1.54295474214	0.803869867908	0.151852920683	0.124933234478	0.544373223284	0.241920122487	0.457823348718				0.550452616945	0.484135912565	0.692366365619				0.469632818339	0.942239377112	0.458609219347	0.165803028117	0.535430292927	1.10610778696		0.43128171298	0.0348752172828	0.0159119735385	0.242014847528	1.58284229412			0.177542653369		0.0587828497813	0.191595413261			1.29046209793	0.0359225905299			0.216265602532	2.22078862523	1.74818954738	0.153646075403	0.498393104336								0.126240036143		0.119439635095	0.0651762558136	0.134993167974	0.275995978026		0.330716818166	1.02826999004	0.65436934261	0.31304215944				0.0228742256659		0.603815374726	0.00309070767889	0.0415580302718	0.0243760084924	1.13206071978	0.270684141281		0.0032782667423	0.118852223497	0.157237202971	1.70735570048	0.197066601198	0.341897077715		0.00423460713183		0.490478354885		1.87045110535		1.40270851326					0.476464665858	0.855746979527						0.272324004209	0.667728904183		2.04396260867			0.191480506242			0.870351983272	0.0321828143851		0.799234016191			0.0545253013117	0.0794006977497	0.267423402645			0.0966525300212	0.0567302019255			0.186668128349		0.102449001899										0.435260248996		0.330795065856								0.594411525586		1.16632999425	0.387452657052	1.46190345922	0.371557265676	0.398223016695	0.183827997479		4.07648840107	0.218918908147		1.39643791412	0.170472249893		0.0933655748577	0.782955669259					0.0911247553368	0.227657951811	
Non-severe-COVID-19.XG20	Non-severe-COVID-19	0.0349997597178	1.06627797731	0.102429480339	0.109490642406		2.0880241869	0.0189611288942		0.630349616188	0.190338830704	0.0385985574994		1.42995071247	0.960343057886			1.45649754494	1.26339949261		0.0378212907025		0.0277463224713		0.0591603680563	0.501359828108		0.0885134124652	0.637642660094	0.382993095077	0.490497238945		0.47809336395	3.15820026674	0.765959416833	0.919014572484	0.112914943593	0.085458038832	0.284993690059		0.0210992066172	1.20741596784	0.0577338653161	0.52481928826	0.40064855296		0.0517350367483	1.72385029972	0.225663762095	0.13912468912	0.433854777025	4.56629267887			0.574305431309	0.139976956367	0.00786803337328	0.838425959036		0.0149575904276	0.214556734034	0.261484308045	0.32845376325			1.82186262925		0.817949779593	0.129251518225	1.61441570588	1.03136683185				1.66682452599	0.379618142501								0.250255596741		0.765499937984	0.169419051315	2.08389104165	0.151159212356		0.260851032778		0.130255797893	0.382953517582	0.0495650913137		0.821834281136	0.167297324821	0.440870277855			2.08776573025	0.0701079048681	0.2988239688	0.0210167931026	0.960940323811	0.0161658212289	0.501222620939	0.202202883391			0.0442405192713		0.00735115806209	0.151423969873							0.663757556143		0.465049380962			0.530745348473	0.317730092158								0.0782309602991		0.136828135097	0.63509438473	0.0719457863086		0.240039250964					0.427973036836	2.14233233896	0.127487040179				1.75831527971	0.588718024271	0.730512948734			0.0971056412806			0.726044965542	0.564536001879		0.450034697991	1.29998533149				0.420243553894	2.04204663403			0.374630842363				0.783235152898	0.16516278806	0.0722217924283	1.05149199742	0.235251933306	0.993258905059	0.462198922022		0.546007385266			0.272914582127	0.379661169841			0.446960994563	0.131259206459	0.24870363168				0.196593887123	2.21511759838	0.488118627961	
Non-severe-COVID-19.XG17	Non-severe-COVID-19	0.0201292995225	2.34247665229	0.0928524059591	0.0771985339497	1.81926656514	2.09029855461	0.00243135523558	1.17997883384	0.761038857341	2.28425316393				1.11595506668	1.31713010591	1.28428592025	1.48415364649	1.2644141193	0.788873438159	0.0368609997125	2.86251736888	0.0612068353561	1.31822246384	0.0386186406685	0.394765215275	0.0738785931635	0.028282918022	0.61272194699	0.152365909861	2.24083810176		0.504181617249	1.82138701866	1.07640671554	1.47589163326	0.146984355893	0.109963930544	0.155855115098	0.354440364838		1.10017321454	0.0843430602449	0.504570067079	1.25406070928		0.0466139911601	1.97762749817	0.20450320775	0.122955249926	0.0488695220625	1.69053998948			0.885348693811	0.0554389524756	0.00373325165269	1.2566085659	0.540227061219	0.00608421072707	0.0691123214421	2.35667832162	0.643010688936	0.0091466455545	0.097181077471			0.805034712388	0.157151770786		0.556119191484				1.41928039632	0.588177947229								0.37018297856	0.319005772957	3.14744922391	1.59991266258	0.521110391996	0.270409723276	0.712274226953	0.577598275814			0.349135785496	0.0794578924866	0.214541102422	0.509930334248	0.262837413178	0.32643734551		0.0233995935665	1.08153004147	0.220766400537	0.509908775562	0.065277226089	2.20028300985	0.0205587638975	0.763977179228	0.431439717594			0.10007409502		0.0103031957923	0.147183475859								2.29973430214	0.640057464639	1.0576786406	0.695591930186	0.625545711813	0.743226796197							0.594539094167	0.107696270019		0.925379101732	0.759152024718	0.0855840441961	0.100466160613	0.306820774482	0.0728835628599				0.843755248988	5.21166930414		0.737216775486	0.623236808238	1.7158618472	0.487449181254	0.16161363321	1.48069457255		0.724448310809							0.775184746787	0.683808328575		0.788851836496		0.708862561975	1.00414670245	1.33422724759	0.90701752119	0.574055604973		0.196048748395	0.864189881225	0.823786964699	0.326702906718	2.46913140447	0.976907441676	0.431027347052	0.785215842243	0.600252033708			0.0392973125839		0.685173037046	0.394338303097		0.108637948483	0.431443421443	0.386545045988	0.608121468408				0.610726760122		0.968763216406	0.96132097479
Non-severe-COVID-19.XG24	Non-severe-COVID-19	0.0589941226374	1.65145875634	0.095324594893	0.0566321501247	1.18758474878	4.90353820957	0.024960364751	0.712594249859	3.19232359717	0.925151372217	0.17060960675	0.892439288397	2.63759581695	0.995995557228		1.05726135138	1.41196591861	5.37446782818		0.0173549923125	1.82844559301	0.0685093580858	5.52348932018	0.0317913209538	0.733390419201	0.209703192913	0.117569873325	0.377530833455		0.3538147012		0.43396367272	5.64464478888	1.43415573639	1.87043741401	0.207802286916	0.306738279759				5.62509179009		0.56538638033	0.655293148281		0.143814200103	0.272624923899			0.0483309706798	0.849707407279			0.170209679453	0.289838964266	0.0157264569198			0.0882389291332		1.89446848852	0.748206351208	0.077799574704	0.123761433375	1.90048102716	0.469472025479	0.399090752598	0.217153227049		2.90528113969				0.641533847942									0.596223571959	2.75851254613	1.94534964046	1.06393268528	5.2979510529	0.207519483225			1.08582101844	0.177778932489	0.332861318695	0.143552520455		0.370469355963		2.44199926425	0.644717776909	0.0153779134162	0.134031890001	1.56458951248		0.250620186366	3.03926249394	0.0700845845486	1.14752204716	0.489030043732			0.446219640845		0.0371453527859	0.135807087493																	0.24524880862		0.746200596388		0.132165926144		0.105676044933	0.425033959344	0.143747328495	0.0156859167923	0.26975853799	0.491091404528				0.43623657843	5.52508120497	0.154963259803			0.697779594656	1.94887747961	0.274142772371				0.0740876522697	2.15519645759				0.925635163447		0.677033492234				0.66901253747	2.75161217837	8.79439013593				0.340226446449			0.544793397418	0.353905751799	0.654999422443	0.109463371226	0.389770623681	0.482453082838			0.0868085374009		0.402918432967	0.766622813972			0.795029734657	0.286667413244					0.824649421725		0.531366548468	
Non-severe-COVID-19.XG10	Non-severe-COVID-19	0.201226810096	1.74556261655		0.281455877376	0.79237783412	0.753542066407	0.0464972141775	1.52759462086	0.804133007231	0.495785179343		0.722790346511	0.578011197699	0.505760732599		0.911048971085	0.275923114371	0.957822714635	0.862253859362	0.0967652099205	1.04777318207	0.214462023923	1.0178130376		0.355550165053	1.4283025397	0.189511078681	1.04296768309		0.815159706449	0.968603206463	0.313226798996	1.05465125123	0.321818438862		0.841230332736	0.0598851764964				0.706469491938	0.102694251629	0.518347441671	0.671491000815	3.0643531851	0.0349341492417	0.871016348696			0.218837120282	3.32244568116	3.47096025168		0.310226416957	0.111580511593	0.00467618786352	0.849095339324	0.849907758636	0.27017080294	0.111923454274	0.48900049542	0.227781198308	0.0115722006604	0.062193508586		0.141697334692	0.709874759849	0.229616028914		0.868465082597	0.0834576675109			0.88157900745	0.171930558819	1.20602755282							0.152293160961	0.434154610728	0.757723754451	0.319765767245	0.734544624066	0.0720805150176		0.766380449035	0.786841349435		0.345144828625	0.101062936938	0.0563472252428			0.395898212057	1.02754448907	0.0208682987921	0.138058076376	0.11018618734	0.424306025103		1.25319570844	0.0160461389427	0.347709577931	0.155100064225	1.033766868	0.83063063538	0.0376771080922		0.00661887542079		2.49514793954	1.92337306954		1.1280927282	4.13980106862	0.97397203795		2.80401334184						0.844322786241	2.5961841652	0.638509348898					0.251016883394	1.18514700272	0.195827663326		0.11002574369		0.086138707549	0.265168162904				0.381445658519	7.67341059288		1.31720664993	0.499007245749	0.243773116622	0.339792906025	0.271060830271	0.329783234316	0.165332621875		0.0803175351766		1.1007123243				0.383599224346		0.921973873259			0.345495577099	0.0943431212228	0.827216796512	0.412294694007		0.361272720665		0.480489814465		0.106035482418		0.638047358191	0.216462144931	0.586986634972	0.209978215767			0.0954481076221				2.36564851339		0.109612812527	0.251221444114	0.3889547637				0.605141892909	0.335603287841	0.32901324787	0.915819915455
Severe-COVID-19.XG27	Severe-COVID-19	1.02720999932	1.7221038418	0.222422805561	2.57066350137	1.14265899886	1.10056399236	0.228318834534	1.44797842302	0.689215453474	0.128879740309			1.6034706839	0.84684879387	1.1739574968	0.871485665189	0.766471751739	0.757596063657	0.619448657451		0.80006772243	2.46297754205	1.41690556699		0.407691099882		1.22023830991	1.90319747354		0.670803009782		0.403576117863	0.536613893585	0.780206499129			0.878802287141		2.0051577611	1.35343173398	0.417981901076	0.544660146092	1.28656411513	0.53615009075	1.41402992436	1.19863162378	0.669258690222	1.11866626673		1.52506259595	4.72076295869	1.14375759216	0.55651671879	0.511001913981	0.081330798021	0.0124977768075		1.64060442162	0.486679012279		3.66482586269		0.440850106146	0.578744584078			0.85217955436	0.172443595095	0.965116746033	3.57965005225	0.337870408471			1.44066397458	0.801477509476	0.710366277335	1.39096066149		0.816847324041		0.515686197212		1.59638971536	1.7220746878	2.19249539299	1.12245842102	3.27654037823	0.0785567084854	0.509523965452		0.602101161468		0.403434926683	0.389891769243	0.0999661186062		0.650197287303				0.11867217733	0.234979907435	1.22466529233	0.257526929095	1.47134102559	0.0227053736012	0.275928521813	0.0825573379316	2.40638618352	2.69583629391			0.00553161531349	0.357128300996																					1.54363045263	2.40851096464	0.0117371351951	1.19672102921		1.9559587934	1.82907482786		2.14659542068		1.33279307064	2.00091074898	1.71939498333				0.090787392048	0.118502827437	0.548271025238		0.143323778286	0.708609323578	0.136420378784								1.17705717009	0.443248080808	0.74406020391	0.808781484876	0.807788872877								0.519983496384	0.223300888913			1.18460107625	0.320583745603	1.99627515539	0.231826882808	0.525083427047	0.237834112467					1.13231900679	0.277274273596	1.05013443767	0.55760657997	0.782325446577	2.12755337403	0.86117218511	0.652131364649		
Severe-COVID-19.XG35	Severe-COVID-19	0.140952703594	0.268989469366	1.1129482982	1.62089185258	0.53574536211	0.0559533572513	0.0540255814309	0.111913346467	0.148977171524	0.0808363746866	0.215117806182	0.49442744888	0.34535761823	0.13447030357		0.146134576418	0.0583258951176	0.209251871967		0.312931785896	0.25086363248	0.150491327836	0.446529861983	0.30024298644	0.176621547244	1.14370882267	0.11099118274	1.02934817617	1.11550992146		0.721635177862	0.181743035624	0.04881264838	0.222718787515	0.375227279069	0.260627221999	0.23619924791				0.0521795902663		0.586626705421	0.0853998074246	0.557464772575	0.230515491311	0.857764057391	0.496479295763		0.651160846768	0.307761507183	1.04783295118	0.427388204006	0.15124452761	0.0278371963989	0.0239211420423	0.475898491509	1.02491367212	0.227961253941		0.116028125023	0.133620814224	0.00869544356806	0.127297538237			0.61010027444	0.0209224020065		0.106539742984	0.890192226185	1.84588286252	0.913011463189	0.564330120374	0.350871737323			2.78595886532		1.43591770644		1.18695783054	0.0666199820777	0.119930886573	0.124561660158	0.0459720887942	0.0389181482191	0.094821359388			0.235957566407	0.933432486742	0.288149088324	0.404785223495	0.523425916783				0.459260809499	0.00279503308708	0.0431456214292	0.0165454373082	0.586049355049	0.463525530299	0.285726695941	0.0141479196914	0.21055946889	0.0635449870545	1.73896420432	0.303432278462	0.189280751762		0.00195967593302	0.139784963854		2.15480347788	1.4612648253	0.866551418869		1.19699463556	1.65675846007							1.28872648306	0.957280445421	0.913371322343		0.289583009988	0.974434375875		0.248732663614	1.06068081129	0.0645331684282			0.450572148527	0.0714667476795			0.258756805231		0.0701159909995	0.493722665535		1.09223033494	0.338380213331	0.0205133832347	0.0261075447924		0.526890167761	0.101182934569	0.687565506112	0.162554113186								1.26022068673	0.895732703122	0.312172687942		0.0626040059884	0.269905643487			0.689289594711		0.202811643847		0.131711771274		0.716445388765	0.106738959742	0.503393747415	0.482022259729	0.304239523521	0.0728766406394	0.156857590079	0.338516745826	0.199898785667		0.559784448991	0.482444927231		0.108759681765	0.463792605085	0.558541857094	0.492419140641	0.796418236709	0.53567501765	0.0362966264935	0.155280643871	0.418978191644
Non-severe-COVID-19.XG18	Non-severe-COVID-19	0.0847561553282	3.57854561913	0.148758815514	0.489176617924	2.38679171682	3.47779887452	0.00594059494545	1.55603541613	1.1463687681	2.42284365928	0.378567717456			1.19865668825	1.28665998167	1.59957848664	1.75191521175	1.68439048112	0.750550199619	0.116657707535	3.85006932307	0.208857264549	1.58362747881	0.0809652895459	0.380190254771	0.216423607819	0.0856017088432	0.77336343871	0.243836941692	3.05342925167		0.728690127602	2.22171259206	1.15156641923	1.81592982873	0.213380159676	0.181888536647	0.44981776956	0.22102377283		1.29923798645	0.218554414941	0.594744828853	2.15175782618		0.14939365496	2.23230152536	0.374308243585	0.244066653225	0.223306780957	1.70264895889			0.500998558933	0.0687829398603	0.00426817282716	1.55142150809	0.74198640736	0.121758973004	0.174337055252	2.17538662653	0.884297463709	0.0115871675939	0.138577429271			1.04735632609	0.144204842031		0.707888496547				1.4010975463	0.555832957219								0.446270495767	0.459273833283	4.02889752083	2.22140972099	0.571423699391	0.258807008049	0.675770704473	0.722431383199			0.303635418341	0.267824341234	0.201548017935	0.85101402558	0.197074650994	0.474372037546		0.0478721958422	1.25618155506	0.258993225412	0.634888505015	0.169018344249	3.51067780706	0.0335212527231	1.20566975136	0.419299671457			0.228845597172		0.0161116994807	0.163488791514								1.98351781274	0.835285132366	0.968348152362	0.795244790357	0.4928773337	0.509664682585							0.73883903121	0.113334671124		0.714845376049	0.794982703831	0.0768304860357	0.188475289017	0.315724591205	0.267994674094				0.890409048701	6.58388872274		0.830527130291	2.17269233928	2.09672648341	0.589152914257	0.24674866376	1.70364445456		0.905687941904							0.710245514151	1.2259931303		0.750393881638		0.781492147071	0.790503459202	1.65304841337	1.07213305515	0.491260305758		0.217822527902	1.37761237854		0.356691035234	1.06116637993	1.16041554082	0.305387004321	1.0244904009	0.593507046097			0.151853529476	0.273889565804	0.361266283398	0.5454793501		0.0601104774285	0.257867751611	0.332555416458	0.629956808213				0.74995063869		1.49022732803	0.593995883503
Severe-COVID-19.XG31	Severe-COVID-19	1.16846167328	0.213695759913	0.261825872283	0.790259979001		0.0821114214673	0.061853213634	0.150574050438	0.208677009995	0.113935676778	1.38078445868		0.32471682049	0.140663664691			0.231577496709	0.11036151664			0.288514869401	0.103017168571	0.323922305117	0.304761766268	0.082400641842	1.59039266805	0.189704242169	0.777843079832		0.293237840167	1.58103681352	0.290796912854	0.117978899643	0.162665943965	0.364024799151	0.136941016382	0.250645315042				0.408751831247	0.242042766141	0.709261572548				0.415747091678	0.345552477674	0.267824046049	0.261231610542	0.184075370796	0.797699821674		0.248298437592	0.0224902407455	0.0793226991313	0.138134395489	1.23176219525			0.155156750046		0.073227937685	0.185446157749			1.19801762673	0.0407717349726			0.200675714338	1.78106521436	1.56156487441	0.141208844052	0.346546680189								0.185306135338		0.124937493904	0.0828950412684	0.156107446495	0.0701768580792		0.661852561095	1.09305699801	0.547690567848	0.439022986433		0.0588264857034		0.417729064762		0.459779149786	0.00554575399814	0.0693504712475	0.01655684026	1.10515230404	0.211389936086		0.0040193780191	0.125336138911	0.103551099272	1.63106484432	0.185772282344	0.140393139689		0.00404759876984		0.389176877301		1.641652008		1.02941908252					0.905528272699	0.959202897315						0.766631383855	0.492334912657		1.8561043811			0.0626760531099			0.310295738239	0.029706187897		0.990239790694			0.0839319655825	0.0844239545748	0.0990467041018			0.0744249337916	0.0471507717405			0.0782846913785		0.292165408598										0.289195483883		0.266266229776								0.400824282958		0.914054672189	0.0692824516261	1.43470968361	0.287607163781	0.214647616846	0.086712622616		1.85341687227	0.0815976327638		1.02051140819	0.153783294736		0.0311237400091	0.675103571754					0.0956884393317	0.224098326059	
Non-severe-COVID-19.XG11	Non-severe-COVID-19	0.243140617569	2.76764767644		0.0330395777999	0.987687544627	1.27824959593	0.00479863517226	1.90799747274	1.29962942777	0.565631656699	0.0307539138154	0.756228802637	0.674122956593	1.21109517438		1.09787205718	0.260883795589	1.07263060312	0.720835479065	0.0265411556678	1.31617990614	0.0374389127626	1.85635561065		0.505968682152	0.165706698091	0.0224306954916	0.460349063261		0.829574477158	0.468011872596	0.409371991631	0.925610404424	0.405775625807		0.976024882419	0.0227673236011				0.777779434533	0.0803200958361	0.325040777405	1.12023194909	4.00470940152	0.0153590380957	1.03247338893			0.0640555503565	4.27781923037	3.46536586135		0.151602467453	0.144015877098	0.0170848297606	0.814777872554	0.356084771225	0.020046320004	0.0177627720871	0.64009181618	0.395092252019	0.00179218089093	0.017537168227		0.06085326292	0.28431549022	0.13071158025		1.01047960737	0.0677939859444			0.762341891983	0.0800266858991	0.976776732884							0.139374760688	0.51061127539	1.02375844865	0.404230957259	1.02090552352	0.124530807729		0.17574523223	0.727326552832		0.15807637668	0.0369040502197	0.0351542403266			0.629692790389	0.590759439923	0.0373245095972	0.138737141702	0.132434846093	0.22357451054		1.85265274348	0.0358329210446	0.488091879627	0.290925204586	0.526702496886	0.791493889904	0.0134605138528		0.0109627678382		2.87627190383	0.866997368342		1.03595141716	5.43847542793	0.555136888137		1.75264708136						0.461974637273	3.29168895958	0.433622349988					0.128906998636	0.41291367182	0.345565872519		0.0479473928705		0.0987617406143	0.295912258496				0.585767081198	9.59377559192		0.655421877666	0.816586638073	0.186435824514	0.38088007167	0.284527665235	0.338738014034	0.274839100955		0.0890086569291		1.02330458409				0.3125408829		0.358202475566			0.0973047670978	0.28863349352	0.870009846574	0.186344623157		0.111362706126		0.704957369575		0.0402559493359		0.23550922621	0.0622209162999	0.229314529507	0.101100622744			0.0171885591567				1.96865598219		0.162244266762	0.426492144293	0.233199032266				0.260983825656	0.443953492011	0.411119155699	0.599079279235
